wps_rank,country,women_peace_and_security_index,education,employment,financial_inclusion,cell_phone_use,parliamentary_representation,absence_of_legal_discrimination,access_to_justice,maternal_mortality_ratio,son_bias,intimate_partner_violence_,community_safety,political_violence_targeting_women,proximity_to_conflict
1,Denmark,0.932,13.15695,76.96354203738596,100.0,100.0,43.57541899441341,100.0,3.96,4.66,105.7,3.0,78.0,0.0,0.0
2,Switzerland,0.928,13.48301029,78.44339561245617,99.01793599128723,91.0,39.34426229508197,88.125,3.893,7.38,105.1,2.0,85.0,0.0,0.0
3,Sweden,0.926,12.76821041,79.98667452330612,100.0,100.0,46.41833810888252,100.0,3.806,4.51,105.7,6.0,74.0,0.0,0.0
4,Finland,0.924,13.04683971,77.65015202692881,99.07851,100.0,45.5,97.5,3.419,8.34,105.2,8.0,78.0,0.0,0.0
4,Iceland,0.924,13.86952972,78.62548379424422,100.0,100.0,47.61904761904762,100.0,3.344,2.65,106.1,3.0,74.0,0.0,0.0
4,Luxembourg,0.924,13.0062666,73.04947960149161,98.17749,94.0,35.0,100.0,3.856,6.49,105.2,4.0,88.0,0.0,0.0
7,Norway,0.92,13.13508034,78.61903617128782,100.0,100.0,46.15384615384615,96.875,3.118,1.66,106.2,4.0,86.0,0.0,0.0
8,Austria,0.911,11.97801018,72.1876261619031,100.0,95.0,40.57377049180328,96.875,3.397,5.23,105.5,4.0,82.0,0.0,0.0
9,Netherlands,0.908,12.3527298,77.18633073929533,99.47451000000001,92.0,37.77777777777778,100.0,3.479,4.31,105.2,5.0,72.0,0.0,0.0
10,New Zealand,0.904,12.93587971,78.22074566260613,99.24374999999999,96.0,50.0,97.5,3.583,7.03,105.3,4.0,42.0,0.0,0.0
11,Australia,0.902,12.81058979,75.24648620181259,100.0,94.0,44.49339207048458,96.875,3.703,2.94,105.6,3.0,54.0,0.0,0.0
11,Belgium,0.902,12.31939983,69.90171937193547,98.65115,93.0,43.333333333333336,100.0,3.897,4.76,104.8,5.0,56.00000000000001,0.0,0.0
13,Estonia,0.892,13.78102016,79.01181895497042,99.59705,100.0,27.722772277227723,97.5,3.444,5.18,106.1,4.0,71.0,0.0,0.0
13,Ireland,0.892,11.78455323,70.80123898477218,99.53479,92.0,27.397260273972602,100.0,3.745,4.98,105.5,3.0,78.0,0.0,0.0
15,Singapore,0.887,11.62705994,75.90670255030118,96.87419,100.0,29.12621359223301,82.5,3.251,7.45,106.0,2.0,94.0,0.0,0.0
16,Lithuania,0.886,13.58351994,79.31724247218389,90.37598,95.0,28.368794326241133,93.75,3.721,8.66,105.2,5.0,61.0,0.0,0.0
17,Canada,0.885,13.91497893,75.0613892642667,99.50556,85.0,35.1981351981352,100.0,2.607,11.01,105.4,3.0,61.0,0.0,0.0
18,Czechia,0.884,12.71214962,75.09371254298804,93.44149,99.0,23.843416370106763,93.75,3.849,3.37,105.3,4.0,67.0,0.0,0.0
19,Portugal,0.877,9.607560158,76.68994444552847,90.18294,92.0,36.08695652173913,100.0,3.177,11.8,105.5,4.0,72.0,0.0,0.0
20,Latvia,0.872,13.56832981,74.84587907941534,97.5526,100.0,29.0,100.0,3.527,18.32,106.5,6.0,62.0,0.0,0.0
21,Germany,0.871,13.84053479,76.89869139500442,100.0,88.0,35.52795031055901,100.0,3.901,4.43,105.6,3.0,71.0,0.00710335891560691,0.0
22,United Arab Emirates,0.868,12.52534008,55.74609492754319,86.68295,100.0,50.0,82.5,2.107,9.34,104.6,17.91835,93.0,0.0,0.0
23,Japan,0.866,13.30556444,76.96046662346079,98.84163000000001,91.0,15.492957746478874,78.75,3.614,4.31,105.1,4.0,70.0,0.0,0.0
24,France,0.864,11.43721962,72.70273839693479,100.0,88.0,36.75675675675676,100.0,3.436,7.91,104.9,5.0,69.0,0.0029944033104925233,0.0
25,Croatia,0.862,11.93745426,66.06645936738228,89.96307,89.0,31.788079470198674,93.75,3.323,4.82,106.0,4.0,71.0,0.0,0.0
26,United Kingdom,0.86,13.44999981,75.35768101095371,99.90905,92.0,31.472435450104676,97.5,3.265,9.84,105.5,4.0,74.0,0.005856778971281958,0.0
27,Poland,0.859,13.34002972,70.64489810436551,95.68974,91.0,27.5,93.75,2.582,1.96,106.0,3.0,65.0,0.0,0.0
27,Spain,0.859,10.52787018,64.83576310301206,97.48926,96.0,41.042345276872965,100.0,3.796,3.44,106.3,3.0,78.0,0.004123784803094224,0.0
29,Slovakia,0.856,12.86800003,74.05068684097382,94.01006,96.0,22.0,85.0,3.426,4.82,105.4,6.0,57.99999999999999,0.0,0.0
30,South Korea,0.848,11.86020016,65.21381832732254,98.68262,98.0,19.06354515050167,85.0,3.396,8.12,105.8,8.0,75.0,0.0,0.0
31,Malta,0.846,12.00041962,71.22094502730096,95.32608,97.0,27.848101265822784,91.25,3.362,2.89,106.7,4.0,56.99999999999999,0.0,0.0
32,Hungary,0.835,12.09698963,76.27635961100623,86.87671999999999,92.0,13.06532663316583,96.875,3.172,15.05,105.8,6.0,64.0,0.0,0.0
32,Serbia,0.835,11.01638985,64.48421242106751,89.82834,86.0,34.8,93.75,3.11,10.18,106.9,4.0,64.0,0.0,0.0
34,Italy,0.827,10.60560989,55.651382840457494,97.0916,97.0,33.00330033003301,97.5,3.751,4.59,105.9,4.0,64.0,0.00661187647070861,0.0
35,Bulgaria,0.826,11.50780964,72.47100689037005,84.32458,89.0,24.166666666666668,90.625,3.088,7.09,106.0,6.0,54.0,0.0,0.0
36,Slovenia,0.824,12.83347034,75.52800751465871,98.15321999999999,94.0,31.53846153846154,96.875,3.521,4.53,106.4,3.0,85.0,0.09485605119950219,0.0
37,United States,0.823,13.73783016,69.98299947214359,96.79189000000001,98.0,27.90262172284644,91.25,3.514,21.08,104.8,6.0,61.0,0.024591356068081053,0.0
38,Taiwan,0.818,10.170132612951724,65.55084745762711,93.64280104637146,95.0,42.5,91.25,3.411,44.84355470748835,106.9,6.995050961614149,81.0,0.008523766348903498,0.0
39,Georgia,0.812,12.86532021,60.91304079116076,70.71136,94.0,18.43971631205674,88.125,2.986,27.61,106.7,3.0,74.0,0.0,0.0
39,Hong Kong,0.812,11.84570026,66.88740768634676,98.18861,97.0,17.1,91.875,1.967,34.82848713458281,107.7,3.0,86.0,0.0,0.0
41,Montenegro,0.808,11.795824,51.54460562635814,67.57224,95.0,28.395061728395063,85.0,2.863,6.17,107.1,4.0,80.0,0.0,0.0
42,Romania,0.8,10.98981953,59.46125518925518,65.74443,93.0,18.88412017167382,90.625,2.811,10.07,105.5,7.0,57.99999999999999,0.0,0.0
43,Seychelles,0.799,10.21333,78.31105267002702,70.2041756810101,84.34021469101843,22.857142857142858,76.25,3.877,3.33,103.6,11.704538778220472,63.04614622551196,0.0,0.0
44,North Macedonia,0.798,9.653639793,51.729301228105214,79.90535,93.0,42.5,85.0,2.331,3.04,107.7,4.0,64.0,0.0,0.0
45,Albania,0.796,11.68443326,63.59551964868968,45.68611,92.0,35.714285714285715,91.25,3.15,8.28,107.2,6.0,56.99999999999999,0.0,0.0
46,Mongolia,0.794,9.949589729,59.73439063461564,98.96798,100.0,17.105263157894736,90.625,2.584,39.49,104.5,12.0,41.0,0.0,0.0
47,Barbados,0.779,10.28248279,76.06367583212734,72.3175188660288,91.32054978317369,32.6530612244898,80.0,3.106,39.11,103.5,27.0,61.85288962397605,0.0,0.0
48,Armenia,0.772,11.32151985,71.35551785792062,52.18272,97.0,35.51401869158879,87.5,3.116,27.19,109.1,5.0,80.0,0.0,21.451128999999998
49,Guyana,0.769,8.72292,41.409433786807135,72.3175188660288,91.32054978317369,36.61971830985915,86.875,2.554,111.9,103.7,10.0,61.85288962397605,0.0,0.0
50,Argentina,0.768,11.35364528,62.69680643036868,73.75319999999999,90.0,44.37689969604863,79.375,2.514,44.9,105.1,4.0,41.0,0.030461667016468144,0.0
51,Greece,0.766,11.09685993,54.998131385239446,93.43133999999999,93.0,21.0,100.0,3.365,7.65,106.4,5.0,56.00000000000001,0.037717531146194284,0.0
52,Thailand,0.764,8.56564045,74.57178821448579,92.7034,94.0,14.409221902017292,78.125,1.709,28.6,106.4,9.0,54.0,0.0,4.1095972000000005
53,Moldova,0.758,11.85783958,79.11776576737655,62.924029999999995,86.0,38.613861386138616,87.5,2.754,12.26,106.3,9.0,59.0,0.058319137483284274,0.0
54,Panama,0.757,10.79374981,58.981287682359195,43.10902,83.0,22.535211267605632,79.375,2.914,49.52,105.5,8.0,51.0,0.0,0.0
55,Bosnia and Herzegovina,0.754,9.778189659,46.26807583110477,70.36654,88.0,17.54385964912281,85.0,2.188,5.67,106.8,3.0,56.99999999999999,0.0,0.0
56,Bahrain,0.752,10.78437042,48.361152218054166,75.40674,99.8,22.5,68.125,1.399,15.9,103.9,18.11295,65.2031440689343,0.0,0.0
56,Russian Federation,0.752,12.75277374,73.82959426798529,90.11173,96.0,17.77059773828756,73.125,1.624,13.72,105.7,6.0,50.0,0.015482897443106576,3.8467418
58,Turkmenistan,0.75,10.92442,56.34318169449426,35.51711,89.0,25.862068965517242,78.66607333184957,0.655,5.15,106.7,7.16796,91.0,0.0,0.0
59,Uruguay,0.748,9.251560211,71.08265318948814,75.72696,95.0,26.923076923076923,88.75,3.229,18.64,105.6,4.0,41.0,0.05667581603256819,0.0
60,Costa Rica,0.743,8.892390251,52.20011635716709,61.08133,95.0,47.36842105263158,91.875,3.572,22.0,104.5,7.0,36.0,0.07721652943358974,0.0
60,Sri Lanka,0.743,10.83043003,38.707943213986454,89.27748,82.0,5.333333333333333,65.625,2.507,28.84,104.4,4.0,52.0,0.0,0.0
61,Kuwait,0.742,8.123162299,52.37711841677724,73.46301,100.0,6.25,35.0,2.676,7.17,104.8,18.1057,96.0,0.0,0.0
63,Cyprus,0.739,12.41040993,71.39609959218046,92.69724000000001,97.0,14.285714285714286,94.375,3.37,68.41,106.5,3.0,57.99999999999999,0.48022051726152654,0.0
64,Cabo Verde,0.738,6.025999125,58.39840112322526,55.02163267554429,65.626273635263,41.666666666666664,86.25,2.318,42.24,103.3,11.0,54.88983215169148,0.0,0.0
64,Fiji,0.738,11.00194066,44.3988944962818,77.34136884250442,94.27498659940363,10.909090909090908,82.5,2.661,38.05,107.1,23.0,76.46352800517072,0.0,0.0
64,Malaysia,0.738,10.56863976,60.77532151375807,87.51465,93.0,14.652014652014651,50.0,2.611,21.13,106.6,13.11862,48.0,0.0,0.0
67,Saudi Arabia,0.737,10.73622036,52.37711841677724,63.486830000000005,100.0,19.867549668874172,71.25,1.413,16.2,105.1,17.96117,82.0,0.0064810552920862565,3.2280639
68,Chile,0.736,10.84131778,56.56353119112007,86.61529999999999,97.0,32.68292682926829,80.0,3.283,15.03,104.2,6.0,28.000000000000004,0.06076440405006906,0.0
69,Belarus,0.733,12.15460014,79.08588167482758,81.33817,88.0,34.705882352941174,75.625,0.846,1.1,105.8,6.0,56.0,0.19437520907483427,0.0
70,Kazakhstan,0.729,12.37770421,62.52135058286498,83.62918,93.0,25.641025641025642,75.625,2.327,13.38,106.5,6.0,57.99999999999999,0.119249941716591,0.0
71,Trinidad and Tobago,0.721,11.72598705,58.449328049432864,73.60304,91.93581351760355,33.78378378378378,75.0,2.882,26.58,104.1,8.0,57.74720947796438,1.030987621704867,0.0
72,Maldives,0.72,7.12,53.17645758671318,74.18159,71.2405218577662,4.597701149425287,73.75,2.015,56.69,105.0,6.0,64.42590282793192,0.0,0.0
73,Nicaragua,0.717,7.42,57.45273991751282,21.566650000000003,72.0,51.64835164835165,86.25,0.659,77.88,103.5,6.0,50.0,0.0,0.0
73,Peru,0.717,9.325330482,69.42955835670908,53.028679999999994,81.0,38.75968992248062,95.0,2.101,68.54,104.1,11.0,37.0,0.017449466200471216,1.8384814
75,Oman,0.715,12.05675983,42.87321620336324,63.529860000000006,89.89699412552129,9.941520467836257,38.75,2.574,17.01,104.3,18.05897,65.2031440689343,0.0,0.0
76,Samoa,0.711,11.7741,43.462241517194116,70.35127822666156,84.62747273779222,12.962962962962964,75.0,2.082871280336572,59.08,107.6,18.0,72.59122323445217,0.0,0.0
77,Jamaica,0.71,9.744774949,69.9114841488655,71.55323,93.0,30.952380952380953,74.375,3.299,98.88,103.9,7.0,60.0,1.1228085934155698,0.0
78,Viet Nam,0.707,8.034310341,82.02540228039504,52.78084,94.0,30.260521042084168,88.125,1.748,124.3,111.1,10.0,79.0,0.0,0.0
79,Lao PDR,0.704,5.008,61.745754570934274,37.853750000000005,81.0,21.951219512195124,88.125,1.683,126.1,105.3,8.0,53.0,0.0,0.0
80,Israel,0.703,13.38325237,73.98134680870227,91.93178,96.0,24.166666666666668,80.625,3.442,2.84,105.4,6.0,77.0,0.06622206642867927,97.234416
80,Qatar,0.703,11.61881592,65.5023142180153,61.56952999999999,89.89699412552129,4.444444444444445,29.375,2.149,7.61,103.9,18.01493,65.2031440689343,0.0,0.0
82,Bhutan,0.7,4.450652072,78.85630620711,27.681879999999996,61.824940556073585,16.901408450704224,75.0,3.189,59.95,104.8,9.0,58.65783222058789,0.0,0.0
82,China,0.7,7.33460805,56.76835637705679,87.34490000000001,100.0,24.941176470588236,78.125,1.98,23.05,111.3,8.0,91.0,0.007733693971714445,0.0
82,Indonesia,0.7,8.206930161,58.71865151757165,52.30452,71.0,21.565217391304348,70.625,2.281,172.9,106.1,9.0,73.0,0.0,14.291808
85,Tonga,0.697,11.47622061,64.36696225451506,77.34136884250442,94.27498659940363,7.142857142857143,58.75,2.0169418272129462,125.6,108.1,17.0,76.46352800517072,0.0,0.0
86,Bolivia,0.696,9.216730118,75.80638185418164,63.289649999999995,91.0,48.19277108433735,88.75,2.008,160.9,104.2,18.0,37.0,0.06559799873625455,0.85342331
87,Suriname,0.694,9.897562169,50.51216114861246,72.3175188660288,91.32054978317369,29.41176470588235,73.75,2.686,96.46,104.0,8.0,61.85288962397605,0.3221483428689243,0.0
88,Puerto Rico,0.692,10.882954521361723,41.90064794816415,66.0932540893554,93.0,28.2,83.75,2.7294816000999464,34.34,104.82650858092737,6.757308026045389,40.0,0.8729725938983871,0.0
89,Paraguay,0.691,8.856229782,65.19964945585883,55.34863,91.0,16.8,94.375,2.349,71.12,105.0,6.0,42.0,0.11839181296934956,1.3925119
90,Tajikistan,0.69,10.88014417,36.35413360508725,39.41301,66.0,26.595744680851062,78.75,0.851,16.63,106.3,14.0,90.0,0.0,35.843015
91,South Africa,0.688,9.657389641,46.01558441070391,86.18079,89.0,46.136865342163354,88.125,3.292,126.8,104.0,13.0,27.0,0.07811005179054438,14.776905000000001
92,Jordan,0.679,10.07157993,14.213996624669928,34.06203,86.0,13.333333333333334,46.875,2.51,41.31,104.9,13.0,75.0,0.0,0.0
93,Mauritius,0.678,10.04156148,46.26786338464739,89.40446,89.0,20.0,89.375,2.622,84.36,103.5,18.4,57.99999999999999,0.15181026146281332,0.0
94,Uzbekistan,0.674,11.73186016,44.66860826401407,38.81831,79.0,30.0,70.625,1.81,30.18,108.0,7.259133,79.0,0.028902143411857567,0.0
95,Kyrgyzstan,0.673,11.6026467,61.150015090135646,43.75607,94.0,20.0,76.875,1.896,50.38,105.7,13.0,59.0,0.14814367091720487,5.7322148
96,Tunisia,0.669,6.855294122,25.9038718369855,28.74732,84.0,16.233766233766232,64.375,3.266,36.63,105.2,10.0,49.0,0.0,6.7583218
97,Azerbaijan,0.667,10.2091198,75.79465942562462,38.843759999999996,83.0,18.64406779661017,78.75,1.527,40.76,112.2,5.0,67.88691901422338,0.0,22.388093
98,Dominican Republic,0.666,9.607207455,58.31979460284035,48.96066,86.0,25.675675675675677,86.25,2.273,107.3,104.4,10.0,32.0,0.07149802665446434,0.0
99,Türkiye,0.665,7.87033987,34.51365137804752,62.54516,95.0,17.413793103448278,82.5,1.867,17.33,105.1,12.0,48.0,0.007045757876006498,34.528746999999996
100,Kosovo ,0.664,8.308451706946418,19.49595980895777,47.3864,94.0,35.83,91.875,2.327,201.86850568850676,106.9,5.0,77.0,0.12010944372512233,0.0
100,Solomon Islands,0.664,6.485303208050323,89.9907900381015,58.5061445164842,72.13204736908133,8.0,56.875,2.675,122.2,107.0,28.0,62.23503116661338,0.0,0.0
100,Timor-Leste,0.664,4.74176,38.220830724274684,58.5061445164842,72.13204736908133,40.0,86.25,1.972,203.9,107.1,28.0,62.23503116661338,0.0,0.0
103,Rwanda,0.663,4.031224613,55.16246110830442,44.960499999999996,56.849339914313454,54.716981132075475,83.75,2.607,258.9,102.6,23.0,75.0,0.0,17.079794
104,Botswana,0.659,10.274,57.849952376692485,53.86068,88.0,11.11111111111111,63.75,2.658,185.9,103.2,17.0,26.0,0.0,0.0
105,Belize,0.657,9.042070389,50.49835557745885,52.28494,81.90496848148106,23.91304347826087,79.375,2.0912342804196626,129.8,105.2,8.0,56.084819016632025,0.4962163503287433,0.0
106,Ecuador,0.655,8.800060272,62.96240895929329,57.94524,80.0,38.68613138686131,89.375,2.452,65.75,104.7,8.0,27.0,0.022181806969923022,58.56691000000001
107,Tanzania,0.652,5.923837807,83.46034384574665,46.02888,72.0,37.404580152671755,81.25,2.679,238.3,103.0,24.0,56.99999999999999,0.0030187023401614466,17.289007
108,Ghana,0.651,7.779994279,81.04614504905395,62.58094,87.0,14.545454545454545,75.0,2.808,263.1,103.8,10.0,56.00000000000001,0.09534731331532381,1.5609629999999999
109,Sao Tome and Principe,0.648,5.595629228,48.71645555790885,55.02163267554429,65.626273635263,14.545454545454545,83.125,2.736,146.2,102.7,18.0,54.88983215169148,0.0,0.0
110,Cambodia,0.645,4.366,79.99258014963694,32.52422,79.0,19.25133689839572,81.25,1.103,218.0,105.2,9.0,56.00000000000001,0.011808723245566179,0.0
110,Egypt,0.645,9.802207806,17.663903167634878,24.19736,80.0,22.869955156950674,50.625,1.659,16.82,105.4,15.0,80.0,0.0054679158010955955,4.95812
112,Nepal,0.644,4.160869361,30.52328362159228,49.90327,86.0,33.933933933933936,80.625,2.793,174.4,105.0,11.0,55.00000000000001,0.08804292771914608,3.9840321999999997
112,Vanuatu,0.644,6.972533794677589,45.129503079389174,67.60905167389234,75.2118914360996,1.9230769230769231,55.625,3.543,94.44,107.0,29.0,66.82315262710814,0.0,0.0
114,Morocco,0.637,4.988,25.606199514372936,32.70234,88.0,21.359223300970875,75.625,3.032,71.85,104.7,10.0,59.0,0.0322483501340967,0.010165331
115,Brazil,0.63,8.333614199,54.50279593713527,80.86681,91.0,17.67676767676768,85.0,2.209,72.15,104.5,6.0,39.0,0.2984108363615265,42.854704999999996
116,Venezuela,0.628,11.36222007,55.54998602447824,79.66601,77.0,22.1,85.0,1.37,259.2,105.3,8.0,40.0,0.12583097376955482,30.651035999999998
117,Ukraine,0.626,11.45783104,67.66937934136757,80.68566,100.0,20.432692307692307,85.0,2.532,16.54,106.3,9.0,55.00000000000001,0.3213626970657769,81.00873800000001
118,Algeria,0.622,7.735659996,17.788223075322623,31.19151,91.0,6.759098786828423,57.5,2.12,77.69,104.6,9.4,46.0,0.0,20.326617
119,Equatorial Guinea,0.619,4.194548476,53.21714533859193,62.01172329138715,75.27378749687443,27.011494252873565,51.875,1.405,212.3,103.1,29.0,58.762136922410036,0.0,0.0
119,Senegal,0.619,1.568656105,47.510377592195276,50.295429999999996,78.0,46.06060606060606,72.5,2.951,260.9,103.1,12.0,46.0,0.03408933633289191,0.0
121,Philippines,0.612,9.232720375,54.04757019543369,47.41881,94.0,27.46268656716418,78.75,2.626,78.24,107.7,6.0,65.0,0.05625905649940574,75.349855
122,Honduras,0.61,6.756909847,48.93053430133306,28.850459999999998,83.0,27.34375,75.0,1.949,71.82,105.1,7.0,51.0,0.9873185705330708,24.282946
122,Libya,0.61,8.47,36.09907120743034,59.620960000000004,100.0,16.470588235294116,50.0,0.734,72.13,105.7,18.31693,56.99999999999999,0.11886087305094169,1.6137788
122,Namibia,0.61,7.454418013,60.1472391165653,69.31411,80.0,35.61643835616438,86.25,2.917,214.6,101.1,16.0,31.0,0.0752757539054943,0.0
125,Lesotho,0.605,6.56167247,54.71171086156459,62.36803,75.0,25.974025974025974,78.125,2.646,566.2,102.8,16.0,21.0,0.0,0.0
126,Zimbabwe,0.604,8.296557948,64.77808936531973,53.975269999999995,81.0,33.62573099415204,86.875,2.678,356.8,102.4,18.0,32.0,0.0464309945460993,0.0
127,Angola,0.598,4.183875561,77.81900801063105,22.33165,65.626273635263,33.63636363636363,79.375,2.198,221.9,102.7,25.0,54.88983215169148,0.011112209985209648,3.8234985999999997
128,India,0.595,6.251538841,34.60979262741791,77.55261,55.00000000000001,14.7247119078105,74.375,2.396,102.7,107.5,18.0,57.99999999999999,0.018221768913203044,11.628152
128,Lebanon,0.595,8.4842,30.909844474537326,16.59272,95.0,6.25,58.75,1.897,20.62,105.3,8.9,46.0,0.07073679087693462,0.0
128,Togo,0.595,3.400858516,69.32886523566923,44.2989,70.0,19.78021978021978,81.875,1.54,399.0,102.8,13.0,48.0,0.0,10.321087
131,Bangladesh,0.593,6.755380154,40.546538274506496,43.456689999999995,75.0,20.857142857142858,49.375,1.433,123.0,105.0,23.0,71.0,0.022009296054790822,28.067588999999998
131,Gabon,0.593,7.843676749,56.497743340570224,61.295500000000004,84.0,17.61904761904762,95.0,2.978,226.6,102.1,22.0,33.0,0.08521603970385722,0.0
132,Colombia,0.582,9.016329765,53.31743567185689,56.204299999999996,89.0,29.351535836177476,84.375,2.43,74.76,104.5,12.0,36.0,0.4753137802933158,66.12059500000001
134,Mozambique,0.58,2.431994619,85.10078704401124,38.68947,45.0,43.2,82.5,1.841,127.1,102.0,16.0,46.0,0.1190951011302006,12.136733
135,Gambia,0.575,3.84120965,66.30922804123304,28.06673,81.0,8.620689655172415,69.375,3.147,458.2,103.2,10.0,25.0,0.0,0.0
136,Côte d'Ivoire,0.573,4.6767215,65.5462890412558,37.44426,84.0,15.864022662889518,95.0,2.183,479.9,103.0,16.0,47.0,0.014342086882641285,0.0
137,Guatemala,0.569,5.235280037,43.04505010901613,34.34542,74.0,19.375,73.75,1.433,95.5,103.9,7.0,47.0,0.5103739609867924,11.44556
138,Benin,0.566,3.315197468,68.7745575079162,39.78702,66.0,25.68807339449541,83.75,3.06,522.6,104.1,15.0,49.0,0.13506275690999822,0.0
138,El Salvador,0.566,6.769279957,54.10840009818273,29.232979999999998,80.0,27.38095238095238,88.75,1.558,42.79,104.8,6.0,72.0,0.48194861463870725,99.084479
140,Iran,0.557,10.61832691,13.656616647760297,85.08002,80.0,5.594405594405594,31.25,1.458,22.02,105.3,18.0,63.0,0.12318648394248213,54.461658
141,Zambia,0.556,7.179212102,63.92926047349461,44.984429999999996,69.0,14.970059880239521,81.25,1.844,134.7,101.1,28.0,41.0,0.029585702531737326,0.0
142,Mexico,0.551,9.096670151,51.35469060352893,42.30373,79.0,50.079744816586924,88.75,1.602,59.13,103.9,10.0,40.0,0.8222428669321189,94.289237
143,Uganda,0.544,4.896921296,39.70234514005656,65.06289,77.0,33.81294964028777,81.25,1.775,284.1,102.9,26.0,46.0,0.11740901943635032,25.493865999999997
144,Sierra Leone,0.543,3.477212173,62.55478319099283,24.75758,55.00000000000001,13.013698630136986,72.5,3.069,442.8,103.3,20.0,47.0,0.0,22.967783
145,Guinea,0.539,1.292843507,49.76770758339597,24.005000000000003,79.0,29.62962962962963,73.75,1.317,553.4,104.5,21.0,56.99999999999999,0.01427486538801939,5.2734996999999995
146,Ethiopia,0.521,2.161845446,62.31213940137118,38.73717,46.0,38.798701298701296,76.875,2.537,266.7,105.5,27.0,49.0,0.030944751907699165,67.368788
146,Malawi,0.521,4.104782854,71.30889765251763,38.13727,56.99999999999999,20.72538860103627,80.0,2.8,380.7,101.4,17.0,41.0,0.09541569565293723,0.0
148,Comoros,0.519,3.953311349,52.847748514289854,29.328310000000002,56.00000000000001,16.666666666666668,65.0,0.964,217.0,103.2,8.0,51.0,0.48028894182740334,0.0
149,Kenya,0.511,6.064,75.29593701580193,75.35743000000001,81.0,24.63768115942029,80.625,2.515,530.0,102.2,23.0,43.0,0.20917478784722374,41.041455
150,Congo,0.507,5.59,49.82696352015477,43.79195,62.0,15.909090909090908,78.75,1.275,282.4,102.6,33.82713,41.0,0.03346021446659064,8.0439337
151,Mauritania,0.506,4.634968748,33.899272216083865,16.09466,68.0,20.26143790849673,48.125,1.072,463.8,103.3,19.74885,49.0,0.0,0.0
152,Madagascar,0.505,4.914466457,90.14706868179859,25.206279999999996,38.0,17.75147928994083,69.375,1.903,391.5,103.9,35.0,35.0,0.04060777384393729,0.0
153,Djibouti,0.504,4.345777082466136,16.036589045701824,8.762780000000001,56.849339914313454,23.076923076923077,71.25,2.23,234.5,103.7,26.91149,48.3717922990082,0.0,54.437524
154,Liberia,0.5,3.866,52.330553365769944,44.19996,61.0,9.70873786407767,81.25,2.672,652.3,103.9,27.0,28.999999999999996,0.037566036396230025,0.0
155,Papua New Guinea,0.487,4.08,50.029923297519694,58.5061445164842,72.13204736908133,1.7391304347826086,60.0,2.274,191.8,107.7,31.0,62.23503116661338,0.3462106732677502,22.611034999999998
156,Guinea-Bissau,0.483,2.410659,58.97521799708815,39.52669834652472,62.03361262890272,13.72549019607843,42.5,1.805,725.1,104.1,19.426215727812966,51.59718970732866,0.09383450970530334,0.0
156,Palestine ,0.483,9.916460037,15.129138220068722,25.927660000000003,87.0,21.17,26.25,2.242,20.43,105.1,19.0,67.0,0.6462357338710014,100.0
158,Burkina Faso,0.481,1.583301027,44.91610578812577,30.680220000000002,70.0,16.901408450704224,82.5,2.147,263.8,104.1,11.0,45.0,0.4395756266568155,60.092002
158,Mali,0.481,2.384,56.89274791534153,41.21166,76.0,28.571428571428573,63.75,2.032,440.2,103.3,18.0,75.0,0.23241737942074617,76.70121800000001
158,Pakistan,0.481,3.896490097,25.293741437140064,13.478499999999999,32.0,20.13574660633484,58.75,1.527,154.2,105.5,16.0,56.00000000000001,0.012835434616629785,40.039805
161,Cameroon,0.466,4.81709,78.03087642852671,49.254979999999996,71.0,31.071428571428573,60.0,2.006,437.8,103.0,22.0,40.0,0.26443655645284514,65.388834
162,Nigeria,0.465,6.144916176,58.907589589483116,34.964079999999996,76.0,4.222222222222222,66.25,2.526,1047.0,103.8,13.0,52.0,0.17947495711450526,69.607753
163,Chad,0.462,1.489173708,57.52038886565612,22.56175,38.0,25.888324873096447,66.25,1.042,1063.0,104.2,16.0,47.0,0.07929932925228776,22.357595
164,Sudan,0.46,3.422,55.65501694147112,9.98316,58.360133727741726,22.088396059984575,29.375,1.48,270.4,104.1,17.0,48.396510920538425,0.17907242021236455,38.821220000000004
165,Myanmar,0.451,6.094560146,52.72703651243199,46.1505,90.0,15.0,58.75,1.128,178.7,106.6,11.0,32.0,0.46662458472249063,97.892267
166,Niger,0.442,1.708291787,17.405705112188468,10.23574,46.0,30.72289156626506,56.875,2.628,441.1,104.0,13.0,56.00000000000001,0.2710112296213106,28.601503
167,Haiti,0.431,4.552,54.087406921886014,30.04561,74.24263376356626,2.5,61.25,1.035,350.4,103.0,12.0,52.493429856034076,1.1460269213697245,67.638093
168,Iraq,0.424,7.248047674,11.006551169107128,14.89056,73.0,28.875379939209726,48.125,1.349,76.11,105.7,45.3,72.0,0.21165688113858433,83.494294
169,Somalia,0.417,4.668991106363176,22.963682677795802,33.66256,60.316586175729235,20.73170731707317,46.875,0.955,620.7,104.4,21.2,47.60869769300348,0.18233474859286006,52.009921999999996
170,Eswatini,0.415,5.662,50.1823483493654,69.21558,88.0,22.115384615384617,46.25,1.627,239.6,103.0,18.0,25.0,0.8257583764929712,99.935645
171,Syrian Arab Republic,0.407,4.6297,41.70092109707315,19.588,64.97549189234763,10.8,40.0,0.54,29.92,105.2,23.0,54.78137051533616,1.0953575758596226,100.0
172,Burundi,0.394,2.491789031,89.94441235787676,6.726229999999999,58.360133727741726,38.888888888888886,76.25,1.42,494.4,102.5,22.0,48.396510920538425,0.7551647877447543,100.0
173,South Sudan,0.388,4.762169838,55.65501694147112,4.19103,58.360133727741726,32.33438485804417,67.5,0.876,1223.0,103.5,27.0,48.396510920538425,1.179967563599344,79.738843
174,Democratic Republic of the Congo,0.384,5.596261446,69.22171538304627,20.49621,37.0,14.77832512315271,58.125,0.993,547.4,102.3,36.0,47.0,0.3447434254071535,31.226443999999997
175,Central African Republic,0.378,3.108,55.65501694147112,9.71762,58.360133727741726,12.857142857142858,76.875,1.51,835.3,103.3,21.0,48.396510920538425,0.2508249453291199,88.636863
176,Yemen,0.287,2.88,5.492178268843156,5.43631,38.0,0.29850746268656714,26.875,0.795,183.4,105.9,18.21596,41.0,0.23390534786193418,88.702834
177,Afghanistan,0.286,2.311079979,25.118121199312053,4.69726,37.0,27.2,31.875,0.372,620.4,105.2,35.0,39.0,0.46163678035061706,91.120547
