cowcode,ardacode,iso3,numiso,country,chrsprot,chrscat,chrsorth,chrsang,chrsothr,chrsgen,judorth,jdcons,judref,judothr,judgen,islmsun,islmshi,islmibd,islmnat,islmalw,islmahm,islmothr,islmgen,budmah,budthr,budothr,budgen,zorogen,hindgen,sikhgen,shntgen,bahgen,taogen,jaingen,confgen,syncgen,anmgen,nonrelig,othrgen,sumrelig,pop,chprtpct,chcatpct,chortpct,changpct,chothpct,chgenpct,jdorpct,jdcnpct,jdrfpct,jdotpct,jdgenpct,issunpct,isshipct,isibdpct,isnatpct,isalapct,isahmpct,islotpct,isgenpct,bumahpct,buthrpct,buothpct,bugenpct,zogenpct,higenpct,sigenpct,shgenpct,bagenpct,tagenpct,jagenpct,cogenpct,sygenpct,angenpct,norelpct,otgenpct,sumpct,total,dualrel,datatype,sreliab,rreliab,reliab,sourcecd,version,dominant_religion
2,234,USA,840,United States of America,119755961,78397889,7036875,4847625,23072957,233111307,1051778,1747021,2436322,707127,5942248,2476980,337770,0,0,0,0,0,2814750,908236,0,2502000,3410236,1644887,1797698,406908,156375,482784,11768,83984,91591,803181,1773577,59422500,796206,311953794,312750000,0.3829,0.2507,0.02249876543,0.01549876543,0.0738,0.7454,0.0034,0.005598765432,0.007798765432,0.002298765432,0.01899876543,0.007898765432,0.0011,0.0,0.0,0.0,0.0,0.0,0.008998765432,0.002898765432,0.0,0.007998765432,0.01089876543,0.005298765432,0.005698765432,0.001298765432,0.0005,0.0015,0.0,0.0003,0.0003,0.002598765432,0.005698765432,0.19,0.0025,0.9975,1.0,0,24,4,7,3,25,1.1,chprtpct
20,41,CAN,124,Canada,7929127,14497030,785000,2722447,497500,26431104,68061,119107,51045,102091,340304,600000,70000,0,0,0,0,0,670000,0,0,670000,670000,6130,275000,275000,915,18945,3620,3320,2700,27000,70861,5670000,35101,34464899,34500000,0.2298,0.4202,0.02279876543,0.07889876543,0.01439876543,0.7661,0.002,0.0035,0.0015,0.003,0.009898765432,0.01739876543,0.002,0.0,0.0,0.0,0.0,0.0,0.01939876543,0.0,0.0,0.01939876543,0.01939876543,0.0002,0.007998765432,0.007998765432,0.0,0.0005,9.87654321e-05,9.87654321e-05,9.87654321e-05,0.0008,0.0021,0.1643,0.001,0.999,1.0,0,34,7,28,1,26,1.1,chcatpct
31,17,BHS,44,Bahamas,211798,43863,0,46996,0,302657,0,0,0,305,305,0,0,0,0,0,0,0,0,0,0,0,0,0,0,0,0,0,93,0,0,0,1018,9086,153,313159,313312,0.676,0.14,0.0,0.15,0.0,0.966,0.0,0.0,0.0,0.001,0.001,0.0,0.0,0.0,0.0,0.0,0.0,0.0,0.0,0.0,0.0,0.0,0.0,0.0,0.0,0.0,0.0,0.0,0.0003,0.0,0.0,0.0,0.0032,0.02899876543,0.0005,0.9995,1.0,0,24,4,8,3,83,1.1,chprtpct
40,63,CUB,192,Cuba,550000,6744696,0,0,112411,7407107,0,0,0,1500,1500,0,0,0,0,0,0,8000,8000,0,0,0,0,0,25000,0,0,0,0,0,0,5620580,0,1478290,0,14540477,11241161,0.04889876543,0.6,0.0,0.0,0.009998765432,0.6589,0.0,0.0,0.0,9.87654321e-05,9.87654321e-05,0.0,0.0,0.0,0.0,0.0,0.0,0.0007,0.0007,0.0,0.0,0.0,0.0,0.0,0.0022,0.0,0.0,0.0,0.0,0.0,0.0,0.5,0.0,0.1315,0.0,1.2935,1.2935,1,24,10,20,2,78,1.1,chcatpct
41,103,HTI,332,Haiti,976083,7027799,0,0,0,8003882,0,0,0,120,120,0,0,0,0,0,0,1750,1750,0,0,0,0,0,0,0,0,8527,0,0,0,4392374,0,976083,0,13382736,9760832,0.1,0.72,0.0,0.0,0.0,0.82,0.0,0.0,0.0,0.0,0.0,0.0,0.0,0.0,0.0,0.0,0.0,0.0002,0.0002,0.0,0.0,0.0,0.0,0.0,0.0,0.0,0.0,0.0009,0.0,0.0,0.0,0.45,0.0,0.1,0.0,1.3711,1.3711,1,24,5,10,2,1,1.1,chcatpct
42,70,DOM,214,Dominican Republic,1493497,7168786,0,0,0,8662283,0,0,0,100,100,0,0,0,0,0,0,0,0,0,0,0,0,0,0,0,0,0,0,0,0,0,0,1194797,99468,9857180,9956648,0.15,0.72,0.0,0.0,0.0,0.87,0.0,0.0,0.0,0.0,0.0,0.0,0.0,0.0,0.0,0.0,0.0,0.0,0.0,0.0,0.0,0.0,0.0,0.0,0.0,0.0,0.0,0.0,0.0,0.0,0.0,0.0,0.0,0.12,0.009998765432,0.99,1.0,0,123,8,24,2,78,1.1,chcatpct
51,116,JAM,388,Jamaica,1736000,58000,0,75000,105000,1974000,0,0,0,531,531,0,0,0,0,0,0,1513,1513,0,0,322,322,0,15961,0,0,209,0,0,0,0,0,572000,304094,2564536,2868630,0.6052,0.02019876543,0.0,0.02609876543,0.0366,0.6881,0.0,0.0,0.0,0.0002,0.0002,0.0,0.0,0.0,0.0,0.0,0.0,0.0005,0.0005,0.0,0.0,9.87654321e-05,9.87654321e-05,0.0,0.005598765432,0.0,0.0,9.87654321e-05,0.0,0.0,0.0,0.0,0.0,0.1994,0.1059987654,0.894,1.0,0,1,80,5,3,80,1.1,chprtpct
52,224,TTO,780,Trinidad and Tobago,365100,285670,3500,75000,0,729270,0,0,0,0,0,0,0,0,0,0,0,65700,65700,0,0,0,0,0,240100,0,0,0,0,0,0,0,0,175640,94290,1210710,1305000,0.2798,0.2189,0.0027,0.05749876543,0.0,0.5588,0.0,0.0,0.0,0.0,0.0,0.0,0.0,0.0,0.0,0.0,0.0,0.05029876543,0.05029876543,0.0,0.0,0.0,0.0,0.0,0.184,0.0,0.0,0.0,0.0,0.0,0.0,0.0,0.0,0.1346,0.0723,0.9277,1.0,0,1,4,5,3,81,1.1,chprtpct
53,20,BRB,52,Barbados,101335,11464,0,72957,0,185756,0,0,0,30,30,0,0,0,0,0,0,2300,2300,0,0,120,120,0,1200,0,0,0,0,0,0,0,0,59184,40115,248590,288705,0.351,0.03969876543,0.0,0.2527,0.0,0.6434,0.0,0.0,0.0,9.87654321e-05,9.87654321e-05,0.0,0.0,0.0,0.0,0.0,0.0,0.007998765432,0.007998765432,0.0,0.0,0.0004,0.0004,0.0,0.004198765432,0.0,0.0,0.0,0.0,0.0,0.0,0.0,0.0,0.205,0.1389,0.8611,1.0,0,124,4,10,2,1,1.1,chprtpct
54,69,DMA,212,Dominica,10950,56210,0,0,0,67160,0,0,0,0,0,0,0,0,0,0,0,0,0,0,0,0,0,0,0,0,0,0,0,0,0,0,0,4380,1460,71540,73000,0.15,0.77,0.0,0.0,0.0,0.92,0.0,0.0,0.0,0.0,0.0,0.0,0.0,0.0,0.0,0.0,0.0,0.0,0.0,0.0,0.0,0.0,0.0,0.0,0.0,0.0,0.0,0.0,0.0,0.0,0.0,0.0,0.0,0.05999876543,0.01999876543,0.98,1.0,0,24,4,5,3,78,1.1,chcatpct
55,95,GRD,308,Grenada,23852,54209,0,16262,0,94323,0,0,0,0,0,0,0,0,0,0,0,526,526,0,0,0,0,0,263,0,0,157,0,0,0,0,0,5217,7933,100486,108419,0.22,0.5,0.0,0.15,0.0,0.87,0.0,0.0,0.0,0.0,0.0,0.0,0.0,0.0,0.0,0.0,0.0,0.004898765432,0.004898765432,0.0,0.0,0.0,0.0,0.0,0.002398765432,0.0,0.0,0.0014,0.0,0.0,0.0,0.0,0.0,0.04809876543,0.0732,0.9268,1.0,0,24,5,20,2,83,1.1,chcatpct
56,190,LCA,662,St. Lucia,44116,100204,0,2624,4239,151183,0,0,0,0,0,0,0,0,0,0,0,164,164,0,0,0,0,0,492,0,0,0,0,0,0,0,0,9676,2485,161515,164000,0.269,0.611,0.0,0.01599876543,0.02579876543,0.9218,0.0,0.0,0.0,0.0,0.0,0.0,0.0,0.0,0.0,0.0,0.0,0.001,0.001,0.0,0.0,0.0,0.0,0.0,0.003,0.0,0.0,0.0,0.0,0.0,0.0,0.0,0.0,0.05899876543,0.01519876543,0.9848,1.0,0,24,2,8,3,73,1.1,chcatpct
57,192,VCT,670,St. Vincent and the Grenadines,28288,63544,0,1664,0,93496,0,0,0,0,0,0,0,0,0,0,0,104,104,0,0,0,0,0,312,0,0,175,0,0,0,0,0,1976,7937,96063,104000,0.272,0.611,0.0,0.01599876543,0.0,0.899,0.0,0.0,0.0,0.0,0.0,0.0,0.0,0.0,0.0,0.0,0.0,0.001,0.001,0.0,0.0,0.0,0.0,0.0,0.003,0.0,0.0,0.0017,0.0,0.0,0.0,0.0,0.0,0.01899876543,0.0763,0.9237,1.0,0,24,4,20,2,1,1.1,chcatpct
60,189,KNA,659,St. Kitts and Nevis,7500,12675,0,25350,0,45525,0,0,0,0,0,0,0,0,0,0,0,141,141,0,0,0,0,0,481,0,0,0,0,0,0,0,0,4500,53,50647,50700,0.1479,0.25,0.0,0.5,0.0,0.8979,0.0,0.0,0.0,0.0,0.0,0.0,0.0,0.0,0.0,0.0,0.0,0.0028,0.0028,0.0,0.0,0.0,0.0,0.0,0.009498765432,0.0,0.0,0.0,0.0,0.0,0.0,0.0,0.0,0.0888,0.001,0.999,1.0,0,24,4,8,3,83,1.1,changpct
70,149,MEX,484,Mexico,15886801,92924489,0,0,0,108811290,0,0,0,67476,67476,0,0,0,0,0,0,3760,3760,0,0,0,0,0,0,0,0,0,0,0,0,35995,27839,3052509,337669,111998869,112336538,0.1414,0.8272,0.0,0.0,0.0,0.9686,0.0,0.0,0.0,0.0006,0.0006,0.0,0.0,0.0,0.0,0.0,0.0,0.0,0.0,0.0,0.0,0.0,0.0,0.0,0.0,0.0,0.0,0.0,0.0,0.0,0.0,0.0003,0.0002,0.02719876543,0.003,0.997,1.0,0,1,1,5,3,70,1.1,chcatpct
80,23,BLZ,84,Belize,80829,123010,0,14016,6117,223972,0,0,0,0,0,0,0,0,0,0,0,577,577,0,0,757,757,0,612,0,0,202,0,0,0,0,0,47511,30475,273631,304106,0.2658,0.4045,0.0,0.0461,0.02009876543,0.7365,0.0,0.0,0.0,0.0,0.0,0.0,0.0,0.0,0.0,0.0,0.0,0.0019,0.0019,0.0,0.0,0.0025,0.0025,0.0,0.002,0.0,0.0,0.0007,0.0,0.0,0.0,0.0,0.0,0.1562,0.1001987654,0.8998,1.0,0,1,2,5,3,74,1.1,chcatpct
90,98,GTM,320,Guatemala,5529785,7603454,0,0,0,13133239,0,0,0,2000,2000,2000,0,0,0,0,0,0,2000,0,0,0,0,0,0,0,0,0,0,0,0,0,2800,635050,49374,13775089,13824463,0.4,0.55,0.0,0.0,0.0,0.95,0.0,0.0,0.0,9.87654321e-05,9.87654321e-05,9.87654321e-05,0.0,0.0,0.0,0.0,0.0,0.0,9.87654321e-05,0.0,0.0,0.0,0.0,0.0,0.0,0.0,0.0,0.0,0.0,0.0,0.0,0.0,0.0002,0.0459,0.003598765432,0.9964,1.0,0,24,6,10,2,83,1.1,chcatpct
91,105,HND,340,Honduras,2560652,4561162,0,0,0,7121814,0,0,0,397,397,397,0,0,0,0,0,0,397,0,0,0,0,0,0,0,0,0,0,0,0,0,0,800203,79228,7922811,8002039,0.32,0.57,0.0,0.0,0.0,0.89,0.0,0.0,0.0,0.0,0.0,0.0,0.0,0.0,0.0,0.0,0.0,0.0,0.0,0.0,0.0,0.0,0.0,0.0,0.0,0.0,0.0,0.0,0.0,0.0,0.0,0.0,0.0,0.1,0.009898765432,0.9901,1.0,0,24,8,20,2,83,1.1,chcatpct
92,74,SLV,222,El Salvador,1990591,4219188,0,0,0,6209779,0,0,0,648,648,0,0,0,0,0,0,2027,2027,0,0,0,0,0,0,0,0,0,0,0,0,0,27500,800563,171771,7040517,7212288,0.276,0.585,0.0,0.0,0.0,0.861,0.0,0.0,0.0,9.87654321e-05,9.87654321e-05,0.0,0.0,0.0,0.0,0.0,0.0,0.0003,0.0003,0.0,0.0,0.0,0.0,0.0,0.0,0.0,0.0,0.0,0.0,0.0,0.0,0.0,0.0038,0.1109987654,0.02379876543,0.9762,1.0,0,24,4,10,2,83,1.1,chcatpct
93,164,NIC,558,Nicaragua,1350661,3798734,93149,0,0,5242544,0,0,0,0,0,0,0,0,0,0,0,1602,1602,0,0,0,0,0,0,0,0,0,0,0,0,0,0,523963,53706,5768109,5821815,0.232,0.6525,0.01599876543,0.0,0.0,0.9005,0.0,0.0,0.0,0.0,0.0,0.0,0.0,0.0,0.0,0.0,0.0,0.0003,0.0003,0.0,0.0,0.0,0.0,0.0,0.0,0.0,0.0,0.0,0.0,0.0,0.0,0.0,0.0,0.08999876543,0.009198765432,0.9908,1.0,0,24,4,10,2,83,1.1,chcatpct
94,60,CRI,188,Costa Rica,453444,3471000,0,1297,0,3925741,0,0,0,3800,3800,0,0,0,0,0,0,0,0,0,0,1200,1200,0,558,0,0,0,0,0,0,35000,1250,445000,37451,4412549,4450000,0.1018987654,0.78,0.0,0.0003,0.0,0.8822,0.0,0.0,0.0,0.0009,0.0009,0.0,0.0,0.0,0.0,0.0,0.0,0.0,0.0,0.0,0.0,0.0003,0.0003,0.0,9.87654321e-05,0.0,0.0,0.0,0.0,0.0,0.0,0.007898765432,0.0003,0.1,0.008398765432,0.9916,1.0,0,24,5,10,2,83,1.1,chcatpct
95,174,PAN,591,Panama,805444,3361450,0,0,0,4166894,0,0,0,6590,6590,0,0,0,0,0,0,13181,13181,0,0,16233,16233,0,593,148,0,24856,0,0,0,3106,0,0,23399,4231601,4255000,0.1893,0.79,0.0,0.0,0.0,0.9793,0.0,0.0,0.0,0.0015,0.0015,0.0,0.0,0.0,0.0,0.0,0.0,0.0031,0.0031,0.0,0.0,0.0038,0.0038,0.0,9.87654321e-05,0.0,0.0,0.005798765432,0.0,0.0,0.0,0.0007,0.0,0.0,0.005498765432,0.9945,1.0,0,24,5,20,2,83,1.1,chcatpct
100,55,COL,170,Colombia,6944250,37961900,3022,1475,0,44910647,0,0,0,8095,8095,0,0,0,0,0,0,27740,27740,0,0,1619,1619,0,8095,0,0,47225,0,0,0,1295,405206,694425,190653,46104347,46295000,0.15,0.82,9.87654321e-05,0.0,0.0,0.9701,0.0,0.0,0.0,0.0002,0.0002,0.0,0.0,0.0,0.0,0.0,0.0,0.0006,0.0006,0.0,0.0,0.0,0.0,0.0,0.0002,0.0,0.0,0.001,0.0,0.0,0.0,0.0,0.008798765432,0.01499876543,0.0041,0.9959,1.0,0,24,4,24,2,99,1.1,chcatpct
101,238,VEN,862,Venezuela,4325100,23067200,0,0,0,27392300,0,0,0,16515,16515,0,0,0,0,0,0,29864,29864,0,0,12177,12177,0,0,0,0,10000,0,0,0,6113,53700,1267254,46077,28787923,28834000,0.15,0.8,0.0,0.0,0.0,0.95,0.0,0.0,0.0,0.0006,0.0006,0.0,0.0,0.0,0.0,0.0,0.0,0.001,0.001,0.0,0.0,0.0004,0.0004,0.0,0.0,0.0,0.0,0.0003,0.0,0.0,0.0,0.0002,0.0019,0.0439,0.0016,0.9984,1.0,0,234,4,28,1,84,1.1,chcatpct
110,102,GUY,328,Guyana,191875,61400,5027,54492,115125,427919,0,0,0,29,29,0,0,0,0,0,0,57562,57562,0,0,0,0,0,226412,0,0,4850,0,0,0,1000,8500,38375,2854,764647,767501,0.25,0.08,0.006498765432,0.07099876543,0.15,0.5575,0.0,0.0,0.0,0.0,0.0,0.0,0.0,0.0,0.0,0.0,0.0,0.07499876543,0.07499876543,0.0,0.0,0.0,0.0,0.0,0.295,0.0,0.0,0.006298765432,0.0,0.0,0.0,0.001298765432,0.01109876543,0.05,0.0037,0.9963,1.0,0,234,5,20,2,85,1.1,higenpct
115,212,SUR,740,Suriname,142632,129048,0,0,0,271680,0,0,0,290,290,0,0,0,0,0,0,110936,110936,0,0,0,0,0,155084,0,0,0,0,0,0,0,28000,0,10,565990,566000,0.252,0.228,0.0,0.0,0.0,0.48,0.0,0.0,0.0,0.0005,0.0005,0.0,0.0,0.0,0.0,0.0,0.0,0.196,0.196,0.0,0.0,0.0,0.0,0.0,0.274,0.0,0.0,0.0,0.0,0.0,0.0,0.0,0.0495,0.0,0.0,1.0,1.0,0,24,5,20,2,1,1.1,higenpct
130,72,ECU,218,Ecuador,284183,12361961,0,0,184183,12830327,0,0,0,1000,1000,0,0,0,0,0,0,1500,1500,0,0,7460,7460,0,0,0,0,1720,0,0,0,0,35000,1207777,124367,14084784,14209151,0.01999876543,0.87,0.0,0.0,0.01299876543,0.903,0.0,0.0,0.0,9.87654321e-05,9.87654321e-05,0.0,0.0,0.0,0.0,0.0,0.0,9.87654321e-05,9.87654321e-05,0.0,0.0,0.0005,0.0005,0.0,0.0,0.0,0.0,9.87654321e-05,0.0,0.0,0.0,0.0,0.0025,0.085,0.008798765432,0.9912,1.0,0,234,5,20,2,1,1.1,chcatpct
135,177,PER,604,Peru,3675330,23904351,0,0,0,27579681,0,0,0,3000,3000,0,0,0,0,0,0,6000,6000,0,0,10200,10200,0,0,0,0,10000,0,0,0,0,50000,1176105,567660,28834986,29402646,0.125,0.813,0.0,0.0,0.0,0.938,0.0,0.0,0.0,9.87654321e-05,9.87654321e-05,0.0,0.0,0.0,0.0,0.0,0.0,0.0002,0.0002,0.0,0.0,0.0003,0.0003,0.0,0.0,0.0,0.0,0.0003,0.0,0.0,0.0,0.0,0.0017,0.04,0.01929876543,0.9807,1.0,0,24,5,10,2,83,1.1,chcatpct
140,31,BRA,76,Brazil,51122554,113690456,0,0,3500000,168313010,0,0,0,107000,107000,0,0,0,0,0,0,35167,35167,0,0,244000,244000,0,5675,0,155951,41630,0,0,0,42016,4387383,16214243,1209725,189546075,190755800,0.268,0.596,0.0,0.0,0.01829876543,0.8823,0.0,0.0,0.0,0.0006,0.0006,0.0,0.0,0.0,0.0,0.0,0.0,0.0002,0.0002,0.0,0.0,0.001298765432,0.001298765432,0.0,0.0,0.0,0.0008,0.0002,0.0,0.0,0.0,0.0002,0.02299876543,0.085,0.006298765432,0.9937,1.0,0,24,4,8,3,100,1.1,chcatpct
145,27,BOL,68,Bolivia,1373600,8340600,4400,1500,0,9720100,0,0,0,350,350,0,0,0,0,0,0,1031,1031,0,0,3836,3836,0,0,0,0,0,0,0,0,773,162419,412492,11314,10301001,10312315,0.1332,0.8088,0.0004,9.87654321e-05,0.0,0.9426,0.0,0.0,0.0,0.0,0.0,0.0,0.0,0.0,0.0,0.0,0.0,9.87654321e-05,9.87654321e-05,0.0,0.0,0.0004,0.0004,0.0,0.0,0.0,0.0,0.0,0.0,0.0,0.0,9.87654321e-05,0.01579876543,0.04,0.0011,0.9989,1.0,0,24,5,20,2,84,1.1,chcatpct
150,176,PRY,600,Paraguay,258212,5680657,0,6455,193659,6138983,0,0,0,3208,3208,0,0,0,0,0,0,3873,3873,0,0,14783,14783,0,0,0,0,5600,0,0,0,0,29405,193658,65782,6389510,6455292,0.04,0.88,0.0,0.001,0.02999876543,0.951,0.0,0.0,0.0,0.0005,0.0005,0.0,0.0,0.0,0.0,0.0,0.0,0.0006,0.0006,0.0,0.0,0.002298765432,0.002298765432,0.0,0.0,0.0,0.0,0.0009,0.0,0.0,0.0,0.0,0.004598765432,0.02999876543,0.01019876543,0.9898,1.0,0,24,4,8,3,84,1.1,chcatpct
155,47,CHL,152,Chile,1811913,12954191,341548,0,480000,15587652,0,0,0,20664,20664,0,0,0,0,0,0,4500,4500,0,0,2700,2700,0,0,0,0,0,0,0,0,2254,150000,1024644,285002,16792414,17077416,0.1061,0.7586,0.01999876543,0.0,0.02809876543,0.9128,0.0,0.0,0.0,0.001198765432,0.001198765432,0.0,0.0,0.0,0.0,0.0,0.0,0.0003,0.0003,0.0,0.0,0.0002,0.0002,0.0,0.0,0.0,0.0,0.0,0.0,0.0,0.0,9.87654321e-05,0.008798765432,0.05999876543,0.01669876543,0.9833,1.0,0,234,4,10,2,84,1.1,chcatpct
160,11,ARG,32,Argentina,4039999,30299994,53703,7013,0,34400709,0,0,0,275000,275000,0,0,0,0,0,0,611000,611000,0,0,7236,7236,0,1967,385,0,4651,0,0,162,145,30206,4847999,220532,40179460,40399992,0.1,0.75,0.001298765432,0.0002,0.0,0.8515,0.0,0.0,0.0,0.006798765432,0.006798765432,0.0,0.0,0.0,0.0,0.0,0.0,0.01509876543,0.01509876543,0.0,0.0,0.0002,0.0002,0.0,0.0,0.0,0.0,9.87654321e-05,0.0,0.0,0.0,0.0,0.0007,0.12,0.005498765432,0.9945,1.0,0,24,5,20,2,83,1.1,chcatpct
165,235,URY,858,Uruguay,369234,1580995,17021,710,778749,2746709,0,0,0,10070,10070,0,0,0,0,0,0,1015,1015,0,0,32,32,0,0,0,0,4061,0,0,0,0,16,577348,17428,3339251,3356679,0.1099987654,0.471,0.0051,0.0002,0.232,0.8183,0.0,0.0,0.0,0.003,0.003,0.0,0.0,0.0,0.0,0.0,0.0,0.0003,0.0003,0.0,0.0,0.0,0.0,0.0,0.0,0.0,0.0,0.001198765432,0.0,0.0,0.0,0.0,0.0,0.172,0.005198765432,0.9948,1.0,0,234,4,10,2,99,1.1,chcatpct
200,233,GBR,826,United Kingdom,4525200,4409825,259348,19791400,9971500,38957273,0,0,0,263000,263000,2403000,297000,0,0,0,0,0,2700000,0,0,248827,248827,4105,817000,423000,0,5021,4144,20000,0,226063,81782,16275000,2181661,60025215,62206876,0.0727,0.0709,0.004198765432,0.3182,0.1603,0.6263,0.0,0.0,0.0,0.004198765432,0.004198765432,0.0386,0.004798765432,0.0,0.0,0.0,0.0,0.0,0.0434,0.0,0.0,0.003998765432,0.003998765432,9.87654321e-05,0.01309876543,0.006798765432,0.0,9.87654321e-05,9.87654321e-05,0.0003,0.0,0.003598765432,0.001298765432,0.2616,0.03509876543,0.9649,1.0,0,13,4,30,3,75,1.1,changpct
205,112,IRL,372,Ireland,31442,3861335,14205,134325,109000,4150307,0,0,0,1984,1984,0,0,0,0,0,0,25700,25700,0,0,781,781,0,0,0,0,1549,0,0,0,0,0,269811,12855,4450132,4462987,0.006998765432,0.8652,0.0032,0.03009876543,0.02439876543,0.9299,0.0,0.0,0.0,0.0004,0.0004,0.0,0.0,0.0,0.0,0.0,0.0,0.005798765432,0.005798765432,0.0,0.0,0.0002,0.0002,0.0,0.0,0.0,0.0,0.0003,0.0,0.0,0.0,0.0,0.0,0.06049876543,0.002898765432,0.9971,1.0,0,123,4,5,3,751,1.1,chcatpct
210,160,NLD,528,Netherlands,2824128,4485380,7988,8545,2300000,9626041,0,0,0,25700,25700,0,0,0,0,0,0,963526,963526,0,0,201012,201012,299,107151,13290,0,6678,0,0,0,6911,665,5648257,12992,16599530,16612522,0.17,0.27,0.0005,0.0005,0.1384,0.5794,0.0,0.0,0.0,0.0015,0.0015,0.0,0.0,0.0,0.0,0.0,0.0,0.05799876543,0.05799876543,0.0,0.0,0.01209876543,0.01209876543,0.0,0.006498765432,0.0008,0.0,0.0004,0.0,0.0,0.0,0.0004,0.0,0.34,0.0008,0.9992,1.0,0,24,4,5,3,77,1.1,norelpct
211,22,BEL,56,Belgium,108763,6797746,64823,11014,543819,7526165,0,0,0,30000,30000,489437,54381,0,0,0,0,0,543818,0,0,32629,32629,0,7500,3500,0,0,0,0,0,0,0,2088267,644516,10231879,10876395,0.009998765432,0.625,0.005998765432,0.001,0.05,0.692,0.0,0.0,0.0,0.0028,0.0028,0.04499876543,0.004998765432,0.0,0.0,0.0,0.0,0.0,0.05,0.0,0.0,0.003,0.003,0.0,0.0007,0.0003,0.0,0.0,0.0,0.0,0.0,0.0,0.0,0.192,0.05929876543,0.9407,1.0,0,24,2,10,2,83,1.1,chcatpct
212,135,LUX,442,Luxembourg,8500,445137,2500,0,4500,460637,0,0,0,600,600,9139,1000,0,0,0,0,0,10139,0,0,0,0,0,0,0,0,1593,0,0,0,0,0,25101,7768,498070,505838,0.01679876543,0.88,0.004898765432,0.0,0.008898765432,0.9106,0.0,0.0,0.0,0.001198765432,0.001198765432,0.01809876543,0.002,0.0,0.0,0.0,0.0,0.0,0.01999876543,0.0,0.0,0.0,0.0,0.0,0.0,0.0,0.0,0.0031,0.0,0.0,0.0,0.0,0.0,0.04959876543,0.01539876543,0.9846,1.0,0,24,4,10,2,83,1.1,chcatpct
220,83,FRA,250,France,1254451,40456051,732642,14865,1565352,44023361,0,0,0,480000,480000,4500000,450000,0,0,0,0,0,4950000,0,0,650755,650755,0,51000,0,0,0,0,0,0,223292,115410,12008726,220016,62502544,62722560,0.01999876543,0.645,0.01169876543,0.0002,0.02499876543,0.7019,0.0,0.0,0.0,0.007698765432,0.007698765432,0.0717,0.007198765432,0.0,0.0,0.0,0.0,0.0,0.07889876543,0.0,0.0,0.01039876543,0.01039876543,0.0,0.0008,0.0,0.0,0.0,0.0,0.0,0.0,0.003598765432,0.0018,0.1915,0.0035,0.9965,1.0,0,234,4,10,2,83,1.1,chcatpct
221,152,MCO,492,Monaco,936,24789,578,247,0,26550,0,0,0,500,500,0,0,0,0,0,0,264,264,0,0,0,0,0,0,0,0,0,0,0,0,0,0,4270,1521,31584,33105,0.02829876543,0.7488,0.01749876543,0.007498765432,0.0,0.802,0.0,0.0,0.0,0.01509876543,0.01509876543,0.0,0.0,0.0,0.0,0.0,0.0,0.007998765432,0.007998765432,0.0,0.0,0.0,0.0,0.0,0.0,0.0,0.0,0.0,0.0,0.0,0.0,0.0,0.0,0.129,0.0459,0.9541,1.0,0,24,4,10,2,83,1.1,chcatpct
223,133,LIE,438,Liechtenstein,3062,27450,415,0,104,31031,0,0,0,40,40,0,0,0,0,0,0,1960,1960,0,0,148,148,0,0,0,0,11,0,0,0,0,0,1952,618,35142,35760,0.08559876543,0.7676,0.01159876543,0.0,0.002898765432,0.8678,0.0,0.0,0.0,0.0011,0.0011,0.0,0.0,0.0,0.0,0.0,0.0,0.05479876543,0.05479876543,0.0,0.0,0.0041,0.0041,0.0,0.0,0.0,0.0,0.0003,0.0,0.0,0.0,0.0,0.0,0.05459876543,0.01729876543,0.9827,1.0,0,24,4,7,3,94,1.1,chcatpct
225,216,CHE,756,Switzerland,2193742,3710000,78251,0,322000,6303993,0,0,0,17500,17500,0,0,0,0,0,0,322000,322000,0,0,25431,25431,0,24336,0,0,4037,0,0,0,0,0,1050000,77825,7747297,7825122,0.2803,0.4741,0.009998765432,0.0,0.04109876543,0.8056,0.0,0.0,0.0,0.0022,0.0022,0.0,0.0,0.0,0.0,0.0,0.0,0.04109876543,0.04109876543,0.0,0.0,0.0032,0.0032,0.0,0.0031,0.0,0.0,0.0005,0.0,0.0,0.0,0.0,0.0,0.1342,0.009898765432,0.9901,1.0,0,24,4,7,3,104,1.1,chcatpct
230,208,ESP,724,Spain,1200000,35000000,0,0,921529,37121529,0,0,0,12000,12000,0,0,0,0,0,0,1400000,1400000,0,0,10200,10200,0,0,0,0,0,0,0,0,0,0,7372239,160528,45915968,46076496,0.02599876543,0.7596,0.0,0.0,0.01999876543,0.8056,0.0,0.0,0.0,0.0003,0.0003,0.0,0.0,0.0,0.0,0.0,0.0,0.03039876543,0.03039876543,0.0,0.0,0.0002,0.0002,0.0,0.0,0.0,0.0,0.0,0.0,0.0,0.0,0.0,0.0,0.16,0.0035,0.9965,1.0,0,24,4,7,3,83,1.1,chcatpct
232,6,AND,20,Andorra,300,73054,0,0,4192,77546,0,0,0,0,0,0,0,0,0,0,0,769,769,0,0,0,0,0,300,0,0,0,0,0,0,0,0,6807,78,85422,85500,0.0035,0.8544,0.0,0.0,0.04899876543,0.907,0.0,0.0,0.0,0.0,0.0,0.0,0.0,0.0,0.0,0.0,0.0,0.008998765432,0.008998765432,0.0,0.0,0.0,0.0,0.0,0.0035,0.0,0.0,0.0,0.0,0.0,0.0,0.0,0.0,0.0796,0.0009,0.9991,1.0,0,24,5,20,2,83,1.1,chcatpct
235,181,PRT,620,Portugal,85140,8780066,63855,2693,191565,9123319,0,0,0,3192,3192,0,0,0,0,0,0,90987,90987,0,0,59598,59598,0,6386,426,0,1980,0,0,0,0,0,735901,620716,10021789,10642505,0.007998765432,0.825,0.005998765432,0.0003,0.01799876543,0.8573,0.0,0.0,0.0,0.0003,0.0003,0.0,0.0,0.0,0.0,0.0,0.0,0.008498765432,0.008498765432,0.0,0.0,0.005598765432,0.005598765432,0.0,0.0006,0.0,0.0,0.0002,0.0,0.0,0.0,0.0,0.0,0.06909876543,0.05829876543,0.9417,1.0,0,24,4,8,3,109,1.1,chcatpct
255,90,DEU,276,Germany,25300000,25700000,1356203,29003,5442786,57827992,0,0,0,119000,119000,2900000,280000,0,0,500000,0,320000,4000000,0,0,245000,245000,0,97500,25000,0,10000,0,0,0,0,0,18790764,583720,81115256,81698976,0.3097,0.3146,0.01659876543,0.0004,0.0666,0.7078,0.0,0.0,0.0,0.0015,0.0015,0.03549876543,0.0034,0.0,0.0,0.006098765432,0.0,0.003898765432,0.04899876543,0.0,0.0,0.003,0.003,0.0,0.001198765432,0.0003,0.0,9.87654321e-05,0.0,0.0,0.0,0.0,0.0,0.23,0.007098765432,0.9929,1.0,0,34,4,10,2,83,1.1,chcatpct
290,180,POL,616,Poland,145600,33507000,505200,0,381829,34539629,0,0,0,1600,1600,0,0,0,0,0,0,5100,5100,0,0,1500,1500,0,0,0,0,0,0,0,0,0,0,3054633,580458,37602462,38182920,0.0038,0.8775,0.01319876543,0.0,0.009998765432,0.9046,0.0,0.0,0.0,0.0,0.0,0.0,0.0,0.0,0.0,0.0,0.0,9.87654321e-05,9.87654321e-05,0.0,0.0,0.0,0.0,0.0,0.0,0.0,0.0,0.0,0.0,0.0,0.0,0.0,0.0,0.08,0.01519876543,0.9848,1.0,0,24,5,20,2,112,1.1,chcatpct
305,15,AUT,40,Austria,503386,5369453,83897,0,167795,6124531,0,0,0,8298,8298,0,0,0,0,0,0,398571,398571,0,0,0,0,0,0,0,0,0,0,0,0,0,0,1293783,564588,7825183,8389771,0.05999876543,0.64,0.009998765432,0.0,0.01999876543,0.73,0.0,0.0,0.0,0.001,0.001,0.0,0.0,0.0,0.0,0.0,0.0,0.04749876543,0.04749876543,0.0,0.0,0.0,0.0,0.0,0.0,0.0,0.0,0.0,0.0,0.0,0.0,0.0,0.0,0.1542,0.06729876543,0.9327,1.0,0,24,5,10,2,83,1.1,chcatpct
310,106,HUN,348,Hungary,1799569,4677371,192155,0,0,6669095,0,0,0,10965,10965,0,0,0,0,0,0,4500,4500,0,0,0,0,0,0,0,0,0,0,0,0,0,0,2688805,526635,9373365,9900000,0.1818,0.4725,0.01939876543,0.0,0.0,0.6736,0.0,0.0,0.0,0.0011,0.0011,0.0,0.0,0.0,0.0,0.0,0.0,0.0005,0.0005,0.0,0.0,0.0,0.0,0.0,0.0,0.0,0.0,0.0,0.0,0.0,0.0,0.0,0.0,0.2716,0.05319876543,0.9468,1.0,0,24,4,5,3,117,1.1,chcatpct
316,65,CZE,203,Czech Republic,174855,2077857,0,0,0,2252712,0,0,0,7322,7322,0,0,0,0,0,0,1338,1338,0,0,0,0,0,0,0,0,0,0,0,0,0,0,7980000,293739,10241372,10535111,0.01659876543,0.1972,0.0,0.0,0.0,0.2138,0.0,0.0,0.0,0.0007,0.0007,0.0,0.0,0.0,0.0,0.0,0.0,9.87654321e-05,9.87654321e-05,0.0,0.0,0.0,0.0,0.0,0.0,0.0,0.0,0.0,0.0,0.0,0.0,0.0,0.0,0.7575,0.02789876543,0.9721,1.0,0,24,4,5,3,119,1.1,norelpct
317,202,SVK,703,Slovakia,473787,3370291,257764,0,0,4101842,0,0,0,2445,2445,0,0,0,0,0,0,521,521,0,0,0,0,0,0,0,0,1072,0,0,0,0,0,730349,597914,4836229,5434143,0.08719876543,0.6202,0.04739876543,0.0,0.0,0.7548,0.0,0.0,0.0,0.0004,0.0004,0.0,0.0,0.0,0.0,0.0,0.0,9.87654321e-05,9.87654321e-05,0.0,0.0,0.0,0.0,0.0,0.0,0.0,0.0,0.0002,0.0,0.0,0.0,0.0,0.0,0.1344,0.1099987654,0.89,1.0,0,24,4,5,3,120,1.1,chcatpct
325,115,ITA,380,Italy,0,47858795,0,0,160086,48018881,0,0,0,39000,39000,0,0,0,0,0,0,700000,700000,0,0,8831,8831,0,7923,24193,0,5123,0,0,0,46270,2117,11300000,330886,60152338,60483224,0.0,0.7913,0.0,0.0,0.002598765432,0.7939,0.0,0.0,0.0,0.0006,0.0006,0.0,0.0,0.0,0.0,0.0,0.0,0.01159876543,0.01159876543,0.0,0.0,9.87654321e-05,9.87654321e-05,0.0,9.87654321e-05,0.0004,0.0,9.87654321e-05,0.0,0.0,0.0,0.0008,0.0,0.1868,0.005498765432,0.9945,1.0,0,2,4,7,3,83,1.1,chcatpct
331,194,SMR,674,San Marino,0,27038,0,0,1050,28088,0,0,0,0,0,0,0,0,0,0,0,6,6,0,0,0,0,0,0,0,0,296,0,0,0,0,0,3450,704,31840,32544,0.0,0.8308,0.0,0.0,0.03229876543,0.8631,0.0,0.0,0.0,0.0,0.0,0.0,0.0,0.0,0.0,0.0,0.0,0.0002,0.0002,0.0,0.0,0.0,0.0,0.0,0.0,0.0,0.0,0.009098765432,0.0,0.0,0.0,0.0,0.0,0.1059987654,0.02159876543,0.9784,1.0,0,24,8,20,2,102,1.1,chcatpct
338,142,MLT,470,Malta,4129,396394,119,991,0,401633,0,0,0,60,60,0,0,0,0,0,0,4122,4122,0,0,0,0,0,0,0,0,220,0,0,0,0,0,6200,676,412235,412911,0.009998765432,0.96,0.0003,0.002398765432,0.0,0.9727,0.0,0.0,0.0,9.87654321e-05,9.87654321e-05,0.0,0.0,0.0,0.0,0.0,0.0,0.009998765432,0.009998765432,0.0,0.0,0.0,0.0,0.0,0.0,0.0,0.0,0.0005,0.0,0.0,0.0,0.0,0.0,0.01499876543,0.0016,0.9984,1.0,0,24,4,7,3,128,1.1,chcatpct
339,3,ALB,8,Albania,0,419535,223686,0,42000,685221,0,0,0,0,0,1917315,95865,0,0,0,0,0,2013180,0,0,0,0,0,0,0,0,7000,0,0,0,0,0,481586,8538,3186987,3195525,0.0,0.1313,0.07,0.0,0.01309876543,0.2144,0.0,0.0,0.0,0.0,0.0,0.6,0.02999876543,0.0,0.0,0.0,0.0,0.0,0.63,0.0,0.0,0.0,0.0,0.0,0.0,0.0,0.0,0.0022,0.0,0.0,0.0,0.0,0.0,0.1507,0.0027,0.9973,1.0,0,1,4,7,3,121,1.1,issunpct
341,249,MNE,499,Montenegro,1200,21624,453696,0,1482,478002,0,0,0,0,0,0,0,0,0,0,0,120289,120289,0,0,119,119,0,0,0,0,0,0,0,0,0,0,28400,2707,626810,629517,0.0019,0.0344,0.7207,0.0,0.002398765432,0.7593,0.0,0.0,0.0,0.0,0.0,0.0,0.0,0.0,0.0,0.0,0.0,0.1911,0.1911,0.0,0.0,0.0002,0.0002,0.0,0.0,0.0,0.0,0.0,0.0,0.0,0.0,0.0,0.0,0.0451,0.004298765432,0.9957,1.0,0,24,4,7,3,122,1.1,chortpct
343,136,MKD,807,Macedonia,5248,39363,1266197,0,0,1310808,0,0,0,0,0,703363,0,0,0,0,0,0,703363,0,0,0,0,0,0,0,0,0,0,0,0,0,0,39075,3371,2053246,2056617,0.002598765432,0.01909876543,0.6157,0.0,0.0,0.6374,0.0,0.0,0.0,0.0,0.0,0.342,0.0,0.0,0.0,0.0,0.0,0.0,0.342,0.0,0.0,0.0,0.0,0.0,0.0,0.0,0.0,0.0,0.0,0.0,0.0,0.0,0.0,0.01899876543,0.0016,0.9984,1.0,0,24,5,20,2,102,1.1,chortpct
344,62,HRV,191,Croatia,15129,3817311,196323,0,13382,4042145,0,0,0,553,553,65023,0,0,0,0,0,0,65023,0,0,0,0,0,0,0,0,0,0,0,0,0,0,250000,66440,4357721,4424161,0.0034,0.8628,0.0444,0.0,0.003,0.9137,0.0,0.0,0.0,9.87654321e-05,9.87654321e-05,0.01469876543,0.0,0.0,0.0,0.0,0.0,0.0,0.01469876543,0.0,0.0,0.0,0.0,0.0,0.0,0.0,0.0,0.0,0.0,0.0,0.0,0.0,0.0,0.05649876543,0.01499876543,0.985,1.0,0,24,4,7,3,124,1.1,chcatpct
345,248,SRB,688,Serbia,72336,362228,6169170,0,49007,6652741,0,0,0,586,586,192200,33917,0,0,0,0,0,226117,0,0,0,0,0,0,0,0,0,0,0,0,0,0,385000,28546,7264444,7292990,0.009898765432,0.04969876543,0.8459,0.0,0.006698765432,0.9122,0.0,0.0,0.0,9.87654321e-05,9.87654321e-05,0.02639876543,0.004698765432,0.0,0.0,0.0,0.0,0.0,0.03099876543,0.0,0.0,0.0,0.0,0.0,0.0,0.0,0.0,0.0,0.0,0.0,0.0,0.0,0.0,0.05279876543,0.003898765432,0.9961,1.0,0,24,4,5,3,125,1.1,chortpct
346,28,BIH,70,Bosnia and Herzegovina,38237,573569,1376566,0,0,1988372,0,0,0,1019,1019,1720707,0,0,0,0,0,0,1720707,0,0,0,0,0,0,0,0,0,0,0,0,0,0,112000,1697,3822098,3823795,0.009998765432,0.15,0.36,0.0,0.0,0.52,0.0,0.0,0.0,0.0003,0.0003,0.45,0.0,0.0,0.0,0.0,0.0,0.0,0.45,0.0,0.0,0.0,0.0,0.0,0.0,0.0,0.0,0.0,0.0,0.0,0.0,0.0,0.0,0.02929876543,0.0004,0.9996,1.0,0,24,5,10,2,83,1.1,issunpct
349,203,SVN,705,Slovenia,20537,1314376,41074,0,0,1375987,0,0,0,205,205,61611,0,0,0,0,0,0,61611,0,0,0,0,0,0,0,0,0,0,0,0,0,0,492891,123020,1930694,2053714,0.009998765432,0.64,0.01999876543,0.0,0.0,0.67,0.0,0.0,0.0,9.87654321e-05,9.87654321e-05,0.02999876543,0.0,0.0,0.0,0.0,0.0,0.0,0.02999876543,0.0,0.0,0.0,0.0,0.0,0.0,0.0,0.0,0.0,0.0,0.0,0.0,0.0,0.0,0.24,0.05989876543,0.9401,1.0,0,24,8,20,2,106,1.1,chcatpct
350,93,GRC,300,Greece,81979,50969,10550000,0,0,10682948,0,0,0,5648,5648,240000,32000,0,0,0,0,0,272000,0,0,0,0,0,0,0,0,0,0,0,0,0,0,295000,63692,11255596,11319288,0.007198765432,0.004498765432,0.932,0.0,0.0,0.9438,0.0,0.0,0.0,0.0005,0.0005,0.02119876543,0.0028,0.0,0.0,0.0,0.0,0.0,0.02399876543,0.0,0.0,0.0,0.0,0.0,0.0,0.0,0.0,0.0,0.0,0.0,0.0,0.0,0.0,0.02609876543,0.005598765432,0.9944,1.0,0,24,5,10,2,83,1.1,chortpct
352,64,CYP,196,Cyprus,0,14481,575000,4683,12510,606674,0,0,0,147,147,164999,0,0,0,0,0,0,164999,0,0,0,0,0,0,0,0,0,0,0,0,0,0,26056,16082,797876,813958,0.0,0.01779876543,0.7064,0.005798765432,0.01539876543,0.7453,0.0,0.0,0.0,0.0002,0.0002,0.2027,0.0,0.0,0.0,0.0,0.0,0.0,0.2027,0.0,0.0,0.0,0.0,0.0,0.0,0.0,0.0,0.0,0.0,0.0,0.0,0.0,0.0,0.03199876543,0.01979876543,0.9802,1.0,0,24,9,30,1,102,1.1,chortpct
355,35,BGR,100,Bulgaria,42000,64119,6100000,0,0,6206119,0,0,0,2000,2000,920000,52000,0,0,0,0,0,972000,0,0,0,0,0,0,0,0,0,0,0,0,0,0,356674,6764,7536793,7543557,0.005598765432,0.008498765432,0.8086,0.0,0.0,0.8227,0.0,0.0,0.0,0.0003,0.0003,0.122,0.006898765432,0.0,0.0,0.0,0.0,0.0,0.1288987654,0.0,0.0,0.0,0.0,0.0,0.0,0.0,0.0,0.0,0.0,0.0,0.0,0.0,0.0,0.0473,0.0009,0.9991,1.0,0,24,4,7,3,130,1.1,chortpct
359,151,MDA,498,Moldova,100000,95500,2730000,0,0,2925500,0,0,0,3900,3900,128238,0,0,0,0,0,0,128238,0,0,0,0,0,0,0,0,0,0,0,0,0,3562,500000,958,3561200,3562158,0.02809876543,0.02679876543,0.7664,0.0,0.0,0.8213,0.0,0.0,0.0,0.0011,0.0011,0.03599876543,0.0,0.0,0.0,0.0,0.0,0.0,0.03599876543,0.0,0.0,0.0,0.0,0.0,0.0,0.0,0.0,0.0,0.0,0.0,0.0,0.0,0.001,0.1404,0.0003,0.9997,1.0,0,24,5,20,2,83,1.1,chortpct
360,185,ROU,642,Romania,1319965,978310,18601247,0,0,20899522,0,0,0,9500,9500,85000,0,0,0,0,0,0,85000,0,0,0,0,0,0,0,0,0,0,0,0,0,0,350000,89160,21344022,21433182,0.06159876543,0.0456,0.8679,0.0,0.0,0.9751,0.0,0.0,0.0,0.0004,0.0004,0.003998765432,0.0,0.0,0.0,0.0,0.0,0.0,0.003998765432,0.0,0.0,0.0,0.0,0.0,0.0,0.0,0.0,0.0,0.0,0.0,0.0,0.0,0.0,0.01629876543,0.004198765432,0.9958,1.0,0,24,4,7,3,133,1.1,chortpct
365,186,RUS,643,Russia,2096758,1100798,102500000,0,0,105697556,0,0,0,194000,194000,16482000,0,0,0,0,0,0,16482000,0,0,0,0,0,0,0,0,0,0,0,0,0,0,20000000,26444,142373556,142400000,0.01469876543,0.007698765432,0.7198,0.0,0.0,0.7423,0.0,0.0,0.0,0.0014,0.0014,0.1157,0.0,0.0,0.0,0.0,0.0,0.0,0.1157,0.0,0.0,0.0,0.0,0.0,0.0,0.0,0.0,0.0,0.0,0.0,0.0,0.0,0.0,0.1404,0.0002,0.9998,1.0,0,24,8,20,2,135,1.1,chortpct
366,77,EST,233,Estonia,149306,5510,220199,36,5090,380141,0,0,0,1700,1700,2000,0,0,0,0,0,0,2000,0,0,1401,1401,0,361,19,0,59,176,0,0,73,4902,925000,24142,1315832,1339974,0.1114,0.0041,0.1643,0.0,0.0038,0.2837,0.0,0.0,0.0,0.001298765432,0.001298765432,0.0015,0.0,0.0,0.0,0.0,0.0,0.0,0.0015,0.0,0.0,0.001,0.001,0.0,0.0003,0.0,0.0,0.0,9.87654321e-05,0.0,0.0,9.87654321e-05,0.0037,0.6903,0.01799876543,0.982,1.0,0,1,4,7,3,136,1.1,norelpct
367,128,LVA,428,Latvia,787002,541646,438210,54,5457,1772369,0,0,0,6000,6000,320,0,0,0,0,0,0,320,0,0,167,167,0,205,0,0,45,0,0,0,0,0,450000,13712,2229106,2242818,0.3509,0.2415,0.1954,0.0,0.002398765432,0.7902,0.0,0.0,0.0,0.0027,0.0027,9.87654321e-05,0.0,0.0,0.0,0.0,0.0,0.0,9.87654321e-05,0.0,0.0,9.87654321e-05,9.87654321e-05,0.0,9.87654321e-05,0.0,0.0,0.0,0.0,0.0,0.0,0.0,0.0,0.2006,0.006098765432,0.9939,1.0,0,24,4,10,3,138,1.1,chprtpct
368,134,LTU,440,Lithuania,27397,2564874,162836,0,0,2755107,0,0,0,6000,6000,2727,0,0,0,0,0,0,2727,0,0,0,0,0,0,0,0,0,0,0,0,0,0,505000,52198,3268834,3321032,0.008198765432,0.7723,0.04899876543,0.0,0.0,0.8296,0.0,0.0,0.0,0.0018,0.0018,0.0008,0.0,0.0,0.0,0.0,0.0,0.0,0.0008,0.0,0.0,0.0,0.0,0.0,0.0,0.0,0.0,0.0,0.0,0.0,0.0,0.0,0.0,0.1521,0.01569876543,0.9843,1.0,0,24,4,7,3,139,1.1,chcatpct
369,231,UKR,804,Ukraine,874104,184021,34826145,0,3312394,39196664,0,0,0,67000,67000,456000,0,0,0,0,0,0,456000,0,0,46005,46005,0,0,0,0,0,0,0,0,0,0,6200000,39807,45965669,46005476,0.01899876543,0.003998765432,0.757,0.0,0.07199876543,0.852,0.0,0.0,0.0,0.0015,0.0015,0.009898765432,0.0,0.0,0.0,0.0,0.0,0.0,0.009898765432,0.0,0.0,0.001,0.001,0.0,0.0,0.0,0.0,0.0,0.0,0.0,0.0,0.0,0.0,0.1348,0.0009,0.9991,1.0,0,24,5,20,2,141,1.1,chortpct
370,21,BLR,112,Belarus,111798,670788,4611671,0,0,5394257,0,0,0,12000,12000,0,0,0,0,0,0,19000,19000,0,0,0,0,0,0,0,0,0,0,0,0,0,0,3900595,164648,9325852,9490500,0.01179876543,0.07069876543,0.4859,0.0,0.0,0.5684,0.0,0.0,0.0,0.001298765432,0.001298765432,0.0,0.0,0.0,0.0,0.0,0.0,0.002,0.002,0.0,0.0,0.0,0.0,0.0,0.0,0.0,0.0,0.0,0.0,0.0,0.0,0.0,0.0,0.411,0.01729876543,0.9827,1.0,0,24,4,10,3,143,1.1,chortpct
371,12,ARM,51,Armenia,0,0,3073754,0,12900,3086654,0,0,0,565,565,0,0,0,0,0,0,1000,1000,0,0,0,0,0,0,0,0,0,0,0,0,42195,0,112300,3067,3242714,3245781,0.0,0.0,0.947,0.0,0.003998765432,0.951,0.0,0.0,0.0,0.0002,0.0002,0.0,0.0,0.0,0.0,0.0,0.0,0.0003,0.0003,0.0,0.0,0.0,0.0,0.0,0.0,0.0,0.0,0.0,0.0,0.0,0.0,0.01299876543,0.0,0.03459876543,0.0009,0.9991,1.0,0,24,4,7,3,144,1.1,chortpct
372,89,GEO,268,Georgia,60401,31977,3432208,0,28424,3553010,0,0,0,12000,12000,440787,0,0,0,0,0,0,440787,0,0,0,0,0,0,0,0,0,0,0,0,0,22261,390000,34336,4418058,4452394,0.01359876543,0.007198765432,0.7709,0.0,0.006398765432,0.798,0.0,0.0,0.0,0.0027,0.0027,0.099,0.0,0.0,0.0,0.0,0.0,0.0,0.099,0.0,0.0,0.0,0.0,0.0,0.0,0.0,0.0,0.0,0.0,0.0,0.0,0.0,0.004998765432,0.08759876543,0.007698765432,0.9923,1.0,0,234,4,28,1,102,1.1,chortpct
373,16,AZE,31,Azerbaijan,3200,0,215000,0,0,218200,0,0,0,8000,8000,1289285,7305949,0,0,0,0,0,8595234,0,0,0,0,0,0,0,0,0,0,0,0,0,0,175000,51181,8996434,9047615,0.0004,0.0,0.02379876543,0.0,0.0,0.02409876543,0.0,0.0,0.0,0.0009,0.0009,0.1425,0.8075,0.0,0.0,0.0,0.0,0.0,0.95,0.0,0.0,0.0,0.0,0.0,0.0,0.0,0.0,0.0,0.0,0.0,0.0,0.0,0.0,0.01929876543,0.005698765432,0.9943,1.0,0,24,5,8,2,149,1.1,isshipct
375,82,FIN,246,Finland,4199939,0,59002,0,0,4258941,0,0,0,1277,1277,0,0,0,0,0,0,24245,24245,0,0,4988,4988,0,0,0,0,1674,0,0,0,3991,0,890650,178142,5185766,5363908,0.783,0.0,0.01099876543,0.0,0.0,0.794,0.0,0.0,0.0,0.0002,0.0002,0.0,0.0,0.0,0.0,0.0,0.0,0.004498765432,0.004498765432,0.0,0.0,0.0009,0.0009,0.0,0.0,0.0,0.0,0.0003,0.0,0.0,0.0,0.0007,0.0,0.166,0.03319876543,0.9668,1.0,0,24,5,7,3,150,1.1,chprtpct
380,215,SWE,752,Sweden,6377734,187580,120000,0,448500,7133814,0,0,0,19781,19781,562741,0,0,0,0,0,0,562741,0,0,0,0,0,0,0,0,0,0,0,0,0,0,1500643,162043,9216979,9379022,0.68,0.01999876543,0.01279876543,0.0,0.0478,0.7606,0.0,0.0,0.0,0.0021,0.0021,0.05999876543,0.0,0.0,0.0,0.0,0.0,0.0,0.05999876543,0.0,0.0,0.0,0.0,0.0,0.0,0.0,0.0,0.0,0.0,0.0,0.0,0.0,0.0,0.16,0.01729876543,0.9827,1.0,0,24,7,20,2,83,1.1,chprtpct
385,170,NOR,578,Norway,3939303,67342,0,0,97078,4103723,0,0,0,823,823,99500,0,0,0,0,0,0,99500,0,0,13450,13450,0,5203,1042,0,1017,0,0,0,0,0,540000,120324,4764758,4885082,0.8064,0.01379876543,0.0,0.0,0.01989876543,0.8401,0.0,0.0,0.0,0.0002,0.0002,0.02039876543,0.0,0.0,0.0,0.0,0.0,0.0,0.02039876543,0.0,0.0,0.0028,0.0028,0.0,0.0011,0.0002,0.0,0.0002,0.0,0.0,0.0,0.0,0.0,0.1104987654,0.02459876543,0.9754,1.0,0,24,4,8,3,151,1.1,chprtpct
390,66,DNK,208,Denmark,4481602,37964,799,0,6872,4527237,0,0,0,2153,2153,215000,7000,0,0,0,0,0,222000,0,0,4487,4487,0,206,0,0,349,0,0,0,0,619,560000,222583,5317051,5539634,0.809,0.006898765432,9.87654321e-05,0.0,0.001198765432,0.8172,0.0,0.0,0.0,0.0004,0.0004,0.0388,0.001298765432,0.0,0.0,0.0,0.0,0.0,0.04009876543,0.0,0.0,0.0008,0.0008,0.0,0.0,0.0,0.0,9.87654321e-05,0.0,0.0,0.0,0.0,9.87654321e-05,0.1011,0.04019876543,0.9598,1.0,0,24,4,7,3,155,1.1,chprtpct
395,107,ISL,352,Iceland,275000,9647,709,0,4707,290063,0,0,0,0,0,0,0,0,0,0,0,1589,1589,0,0,1087,1087,0,0,0,0,396,0,0,0,0,1398,10309,11979,304842,316821,0.868,0.03039876543,0.0022,0.0,0.01489876543,0.9155,0.0,0.0,0.0,0.0,0.0,0.0,0.0,0.0,0.0,0.0,0.0,0.004998765432,0.004998765432,0.0,0.0,0.0034,0.0034,0.0,0.0,0.0,0.0,0.001198765432,0.0,0.0,0.0,0.0,0.0044,0.03249876543,0.0378,0.9622,1.0,0,24,4,5,3,154,1.1,chprtpct
402,42,CPV,132,Cape Verde,21020,422000,0,0,7200,450220,0,0,0,0,0,14200,1000,0,0,0,0,0,15200,0,0,0,0,0,0,0,0,0,0,0,0,0,611,8500,469,474531,475000,0.04429876543,0.8884,0.0,0.0,0.01519876543,0.9478,0.0,0.0,0.0,0.0,0.0,0.02989876543,0.0021,0.0,0.0,0.0,0.0,0.0,0.03199876543,0.0,0.0,0.0,0.0,0.0,0.0,0.0,0.0,0.0,0.0,0.0,0.0,0.0,0.001298765432,0.01789876543,0.001,0.999,1.0,0,24,8,20,2,202,1.1,chcatpct
403,195,STP,678,Sao Tome and Principe,16291,135219,0,0,2300,153810,0,0,0,0,0,0,0,0,0,0,0,2443,2443,0,0,0,0,0,0,0,0,3877,0,0,0,0,389,2020,376,162539,162915,0.1,0.83,0.0,0.0,0.01409876543,0.9441,0.0,0.0,0.0,0.0,0.0,0.0,0.0,0.0,0.0,0.0,0.0,0.01499876543,0.01499876543,0.0,0.0,0.0,0.0,0.0,0.0,0.0,0.0,0.02379876543,0.0,0.0,0.0,0.0,0.002398765432,0.01239876543,0.002298765432,0.9977,1.0,0,24,5,20,2,83,1.1,chcatpct
404,100,GNB,624,Guinea-Bissau,12119,126500,0,229,22000,160848,0,0,0,0,0,575000,14777,0,0,0,0,0,589777,0,0,0,0,0,0,0,0,260,0,0,0,0,702000,24000,899,1476885,1477784,0.008198765432,0.08559876543,0.0,0.0002,0.01489876543,0.1087987654,0.0,0.0,0.0,0.0,0.0,0.3891,0.009998765432,0.0,0.0,0.0,0.0,0.0,0.3991,0.0,0.0,0.0,0.0,0.0,0.0,0.0,0.0,0.0002,0.0,0.0,0.0,0.0,0.475,0.01619876543,0.0006,0.9994,1.0,0,24,5,20,2,83,1.1,angenpct
411,75,GNQ,226,Equatorial Guinea,34914,588000,0,0,0,622914,0,0,0,0,0,27500,0,0,0,0,0,0,27500,0,0,0,0,0,349,0,0,3575,0,0,0,0,12011,24000,7946,690349,698295,0.05,0.8421,0.0,0.0,0.0,0.892,0.0,0.0,0.0,0.0,0.0,0.03939876543,0.0,0.0,0.0,0.0,0.0,0.0,0.03939876543,0.0,0.0,0.0,0.0,0.0,0.0005,0.0,0.0,0.0051,0.0,0.0,0.0,0.0,0.01719876543,0.0344,0.01139876543,0.9886,1.0,0,24,5,20,2,83,1.1,chcatpct
420,87,GMB,270,Gambia,12500,56240,980,5200,0,74920,0,0,0,0,0,1531158,17204,0,0,0,0,0,1548362,0,0,0,0,0,279,0,0,9200,0,0,0,0,75000,8900,3742,1716661,1720403,0.007298765432,0.03269876543,0.0006,0.003,0.0,0.04349876543,0.0,0.0,0.0,0.0,0.0,0.89,0.009998765432,0.0,0.0,0.0,0.0,0.0,0.9,0.0,0.0,0.0,0.0,0.0,0.0002,0.0,0.0,0.005298765432,0.0,0.0,0.0,0.0,0.04359876543,0.005198765432,0.0022,0.9978,1.0,0,24,5,20,2,1,1.1,issunpct
432,141,MLI,466,Mali,92809,314259,0,0,0,407068,0,0,0,0,0,12619133,135689,0,0,0,0,0,12754822,0,0,0,0,0,0,0,0,750,0,0,0,0,379930,25200,1191,13567770,13568961,0.006798765432,0.02319876543,0.0,0.0,0.0,0.02999876543,0.0,0.0,0.0,0.0,0.0,0.93,0.009998765432,0.0,0.0,0.0,0.0,0.0,0.94,0.0,0.0,0.0,0.0,0.0,0.0,0.0,0.0,9.87654321e-05,0.0,0.0,0.0,0.0,0.02799876543,0.0019,9.87654321e-05,0.9999,1.0,0,24,4,7,3,1,1.1,issunpct
433,197,SEN,686,Senegal,21278,400067,0,0,0,421345,0,0,0,0,0,11221712,124357,0,0,0,0,0,11346069,0,0,1631,1631,0,0,0,0,23201,0,0,0,387,241681,20144,29640,12054458,12084098,0.0018,0.03309876543,0.0,0.0,0.0,0.0349,0.0,0.0,0.0,0.0,0.0,0.9286,0.01029876543,0.0,0.0,0.0,0.0,0.0,0.9389,0.0,0.0,9.87654321e-05,9.87654321e-05,0.0,0.0,0.0,0.0,0.0019,0.0,0.0,0.0,0.0,0.01999876543,0.0017,0.0025,0.9975,1.0,0,24,5,10,2,350,1.1,issunpct
434,24,BEN,204,Benin,735000,2145000,8906,3488,622000,3514394,0,0,0,0,0,2304686,21029,0,0,0,0,0,2325715,0,0,0,0,0,0,0,0,2458,0,0,0,0,2495000,293352,155077,8630919,8785996,0.08369876543,0.2441,0.001,0.0004,0.0708,0.4,0.0,0.0,0.0,0.0,0.0,0.2623,0.002398765432,0.0,0.0,0.0,0.0,0.0,0.2647,0.0,0.0,0.0,0.0,0.0,0.0,0.0,0.0,0.0003,0.0,0.0,0.0,0.0,0.284,0.03339876543,0.01769876543,0.9823,1.0,0,24,5,20,2,202,1.1,angenpct
435,146,MRT,478,Mauritania,957,4802,0,1053,1906,8718,0,0,0,0,0,3212166,0,0,0,0,0,0,3212166,0,0,0,0,0,0,0,0,331,0,0,0,0,17220,3560,69517,3241995,3311512,0.0003,0.0015,0.0,0.0003,0.0006,0.002598765432,0.0,0.0,0.0,0.0,0.0,0.97,0.0,0.0,0.0,0.0,0.0,0.0,0.97,0.0,0.0,0.0,0.0,0.0,0.0,0.0,0.0,9.87654321e-05,0.0,0.0,0.0,0.0,0.005198765432,0.0011,0.02099876543,0.979,1.0,0,24,5,24,2,83,1.1,issunpct
436,165,NER,562,Niger,113153,231233,0,0,240162,584548,0,0,0,0,0,13714412,0,0,0,0,0,0,13714412,0,0,0,0,0,0,3582,0,4500,0,0,0,0,605000,15200,61187,14927242,14988429,0.007498765432,0.01539876543,0.0,0.0,0.01599876543,0.03899876543,0.0,0.0,0.0,0.0,0.0,0.915,0.0,0.0,0.0,0.0,0.0,0.0,0.915,0.0,0.0,0.0,0.0,0.0,0.0,0.0002,0.0,0.0003,0.0,0.0,0.0,0.0,0.04039876543,0.001,0.0041,0.9959,1.0,0,24,5,24,2,83,1.1,issunpct
437,61,CIV,384,Ivory Coast,1517432,5930196,50028,0,531680,8029336,0,0,0,0,0,7868751,80293,0,0,0,0,80293,8029337,0,0,10706,10706,0,1713,0,0,32974,0,0,0,0,5138776,124000,44726,21366842,21411568,0.0709,0.277,0.002298765432,0.0,0.02479876543,0.375,0.0,0.0,0.0,0.0,0.0,0.3675,0.0037,0.0,0.0,0.0,0.0,0.0037,0.375,0.0,0.0,0.0005,0.0005,0.0,9.87654321e-05,0.0,0.0,0.0015,0.0,0.0,0.0,0.0,0.24,0.005798765432,0.0021,0.9979,1.0,0,24,5,24,2,83,1.1,issunpct
438,101,GIN,324,Guinea,222265,414648,0,5588,176586,819087,0,0,0,0,0,8620923,81909,0,0,0,0,0,8702832,0,0,9000,9000,0,0,0,0,154,0,0,0,0,675000,19259,13295,10225332,10238627,0.02169876543,0.0405,0.0,0.0005,0.01719876543,0.08,0.0,0.0,0.0,0.0,0.0,0.842,0.007998765432,0.0,0.0,0.0,0.0,0.0,0.85,0.0,0.0,0.0009,0.0009,0.0,0.0,0.0,0.0,0.0,0.0,0.0,0.0,0.0,0.06589876543,0.0019,0.001298765432,0.9987,1.0,0,24,5,20,2,1,1.1,issunpct
439,36,BFA,854,Burkina Faso,779198,3740152,0,0,55000,4574351,0,0,0,0,0,8882862,140256,0,0,0,0,0,9023117,0,0,0,0,0,0,0,0,1950,0,0,0,0,1901244,78188,5118,15578850,15583968,0.05,0.24,0.0,0.0,0.0035,0.2935,0.0,0.0,0.0,0.0,0.0,0.57,0.008998765432,0.0,0.0,0.0,0.0,0.0,0.579,0.0,0.0,0.0,0.0,0.0,0.0,0.0,0.0,9.87654321e-05,0.0,0.0,0.0,0.0,0.122,0.004998765432,0.0003,0.9997,1.0,0,24,5,20,2,350,1.1,issunpct
450,131,LBR,430,Liberia,1182650,397491,0,98486,1863613,3542240,0,0,0,0,0,458824,10094,0,0,0,0,0,468918,0,0,0,0,0,0,0,0,4167,0,0,0,0,110000,41673,346,4166998,4167344,0.2838,0.09539876543,0.0,0.02359876543,0.4472,0.85,0.0,0.0,0.0,0.0,0.0,0.1101,0.002398765432,0.0,0.0,0.0,0.0,0.0,0.1124987654,0.0,0.0,0.0,0.0,0.0,0.0,0.0,0.0,0.001,0.0,0.0,0.0,0.0,0.02639876543,0.009998765432,9.87654321e-05,0.9999,1.0,0,24,5,20,2,83,1.1,chothpct
451,200,SLE,694,Sierra Leone,487547,441898,0,79012,160789,1169246,0,0,0,0,0,3304455,92089,0,0,0,0,0,3396544,0,0,0,0,0,3000,0,0,4500,0,0,0,0,1457603,75086,33295,6105979,6139274,0.07939876543,0.07199876543,0.0,0.01289876543,0.02619876543,0.1905,0.0,0.0,0.0,0.0,0.0,0.5382,0.01499876543,0.0,0.0,0.0,0.0,0.0,0.5532,0.0,0.0,0.0,0.0,0.0,0.0005,0.0,0.0,0.0007,0.0,0.0,0.0,0.0,0.2374,0.01219876543,0.005398765432,0.9946,1.0,1,24,5,20,2,83,1.1,issunpct
452,91,GHA,288,Ghana,11000000,3143640,0,0,2735686,16879326,0,0,0,0,0,3667789,555726,0,0,0,0,0,4223515,0,0,0,0,0,0,0,0,0,0,0,0,0,1271854,1439835,182722,23814530,23997252,0.4584,0.131,0.0,0.0,0.1139987654,0.7034,0.0,0.0,0.0,0.0,0.0,0.1528,0.02319876543,0.0,0.0,0.0,0.0,0.0,0.176,0.0,0.0,0.0,0.0,0.0,0.0,0.0,0.0,0.0,0.0,0.0,0.0,0.0,0.05299876543,0.05999876543,0.007598765432,0.9924,1.0,0,24,4,7,3,208,1.1,chprtpct
461,221,TGO,768,Togo,582752,1631708,0,0,582752,2797212,0,0,0,0,0,815854,0,0,0,0,0,0,815854,0,0,0,0,0,0,0,0,25000,0,0,0,0,2156185,14365,18913,5808616,5827529,0.1,0.28,0.0,0.0,0.1,0.48,0.0,0.0,0.0,0.0,0.0,0.14,0.0,0.0,0.0,0.0,0.0,0.0,0.14,0.0,0.0,0.0,0.0,0.0,0.0,0.0,0.0,0.004298765432,0.0,0.0,0.0,0.0,0.37,0.0025,0.0032,0.9968,1.0,0,24,4,7,3,83,1.1,angenpct
471,40,CMR,120,Cameroon,4684592,5183892,0,0,0,9868484,0,0,0,0,0,4265362,0,0,0,0,0,0,4265362,0,0,359,359,0,0,0,0,38200,0,0,0,765,5576888,145090,34816,19895148,19929964,0.2351,0.2601,0.0,0.0,0.0,0.4952,0.0,0.0,0.0,0.0,0.0,0.214,0.0,0.0,0.0,0.0,0.0,0.0,0.214,0.0,0.0,0.0,0.0,0.0,0.0,0.0,0.0,0.0019,0.0,0.0,0.0,0.0,0.2798,0.007298765432,0.0017,0.9983,1.0,0,24,5,20,2,350,1.1,angenpct
475,166,NGA,566,Nigeria,18448759,16911362,37353,14941021,14387880,64726375,0,0,0,100,100,71349687,6934969,0,0,0,0,0,78284656,0,0,8229,8229,0,0,0,0,30000,0,0,0,4546,10302000,484129,270381,153840035,154110416,0.1197,0.1096987654,0.0002,0.097,0.09339876543,0.42,0.0,0.0,0.0,0.0,0.0,0.463,0.04499876543,0.0,0.0,0.0,0.0,0.0,0.508,0.0,0.0,9.87654321e-05,9.87654321e-05,0.0,0.0,0.0,0.0,0.0002,0.0,0.0,0.0,0.0,0.06679876543,0.0031,0.0018,0.9982,1.0,0,24,5,20,2,350,1.1,issunpct
481,86,GAB,266,Gabon,198200,631887,0,0,217665,1047752,0,0,0,0,0,203321,7011,0,0,0,0,0,210332,0,0,0,0,0,0,0,0,564,0,0,0,0,117561,22500,3505,1398709,1402214,0.1413,0.4506,0.0,0.0,0.1552,0.7472,0.0,0.0,0.0,0.0,0.0,0.145,0.004998765432,0.0,0.0,0.0,0.0,0.0,0.15,0.0,0.0,0.0,0.0,0.0,0.0,0.0,0.0,0.0004,0.0,0.0,0.0,0.0,0.08379876543,0.01599876543,0.0025,0.9975,1.0,0,24,5,20,2,350,1.1,chcatpct
482,44,CAF,140,Central African Republic,829432,1052741,0,0,333132,2215305,0,0,0,0,0,634874,40523,0,0,0,0,0,675397,0,0,0,0,0,0,0,0,10000,0,0,0,0,1530902,56000,15050,4487604,4502654,0.1842,0.2338,0.0,0.0,0.07399876543,0.492,0.0,0.0,0.0,0.0,0.0,0.141,0.008998765432,0.0,0.0,0.0,0.0,0.0,0.15,0.0,0.0,0.0,0.0,0.0,0.0,0.0,0.0,0.0022,0.0,0.0,0.0,0.0,0.34,0.01239876543,0.003298765432,0.9967,1.0,0,24,5,20,2,1,1.1,angenpct
483,45,TCD,148,Chad,1558219,1682398,0,0,668853,3909470,0,0,0,0,0,6209287,137945,0,0,0,0,0,6347232,0,0,1771,1771,0,0,0,0,22955,0,0,0,3771,1150730,28900,34254,11464829,11499083,0.1355,0.1463,0.0,0.0,0.05819876543,0.34,0.0,0.0,0.0,0.0,0.0,0.54,0.01199876543,0.0,0.0,0.0,0.0,0.0,0.552,0.0,0.0,0.0002,0.0002,0.0,0.0,0.0,0.0,0.002,0.0,0.0,0.0,0.0003,0.1001,0.0025,0.003,0.997,1.0,0,24,5,20,2,83,1.1,issunpct
484,58,COG,178,Congo (Republic of),655027,1947994,645,0,625000,3228666,0,0,0,0,0,75200,2200,0,0,0,0,0,77400,0,0,172,172,0,0,0,0,25628,0,0,0,280,210000,295000,167160,3837146,4004306,0.1636,0.4865,0.0002,0.0,0.1561,0.8063,0.0,0.0,0.0,0.0,0.0,0.01879876543,0.0005,0.0,0.0,0.0,0.0,0.0,0.01929876543,0.0,0.0,0.0,0.0,0.0,0.0,0.0,0.0,0.006398765432,0.0,0.0,0.0,9.87654321e-05,0.05239876543,0.0737,0.0417,0.9583,1.0,0,24,5,20,2,83,1.1,chcatpct
490,57,COD,180,Democratic Republic of the Congo,21716851,33932580,12600,678652,6786516,63127199,0,0,0,407,407,882247,0,0,0,0,0,0,882247,0,0,3841,3841,0,95000,0,0,200000,0,0,0,0,3200000,345000,11466,67853694,67865160,0.32,0.5,0.0002,0.009998765432,0.1,0.9302,0.0,0.0,0.0,0.0,0.0,0.01299876543,0.0,0.0,0.0,0.0,0.0,0.0,0.01299876543,0.0,0.0,9.87654321e-05,9.87654321e-05,0.0,0.0014,0.0,0.0,0.002898765432,0.0,0.0,0.0,0.0,0.04719876543,0.0051,0.0002,0.9998,1.0,0,24,5,20,2,83,1.1,chcatpct
500,230,UGA,800,Uganda,2645114,12450000,29330,9522412,1275000,25921856,0,0,0,2000,2000,3565532,168746,0,0,0,0,0,3734278,0,0,2005,2005,0,182000,1556,0,50000,0,2863,0,3983,1050000,133345,35110,31083886,31118996,0.085,0.4001,0.0009,0.306,0.041,0.833,0.0,0.0,0.0,9.87654321e-05,9.87654321e-05,0.1145987654,0.005398765432,0.0,0.0,0.0,0.0,0.0,0.12,0.0,0.0,9.87654321e-05,9.87654321e-05,0.0,0.005798765432,9.87654321e-05,0.0,0.0016,0.0,9.87654321e-05,0.0,9.87654321e-05,0.0337,0.004298765432,0.0011,0.9989,1.0,0,24,4,7,3,83,1.1,chcatpct
501,121,KEN,404,Kenya,12524979,11250000,401871,5130000,3095796,32402646,0,0,0,1300,1300,3988185,209904,0,0,0,0,0,4198090,0,0,1266,1266,804,175000,42500,0,250000,0,77561,0,1929,2859459,133500,43053,40144055,40187108,0.3117,0.2799,0.009998765432,0.1277,0.07699876543,0.8063,0.0,0.0,0.0,0.0,0.0,0.09919876543,0.005198765432,0.0,0.0,0.0,0.0,0.0,0.1044987654,0.0,0.0,0.0,0.0,0.0,0.0044,0.0011,0.0,0.006198765432,0.0,0.0019,0.0,0.0,0.07119876543,0.003298765432,0.0011,0.9989,1.0,0,24,5,24,2,202,1.1,chprtpct
510,219,TZA,834,Tanzania,5939526,9448823,9676,3146249,2030228,20574501,0,0,0,0,0,13736844,1768358,0,0,0,0,0,15505201,0,0,9777,9777,130,322500,12921,0,125000,0,9432,0,22784,5895000,385000,207757,42862247,43070004,0.1379,0.2194,0.0002,0.07299876543,0.0471,0.4777,0.0,0.0,0.0,0.0,0.0,0.3189,0.04109876543,0.0,0.0,0.0,0.0,0.0,0.36,0.0,0.0,0.0002,0.0002,0.0,0.007498765432,0.0003,0.0,0.002898765432,0.0,0.0002,0.0,0.0005,0.1369,0.008898765432,0.004798765432,0.9952,1.0,0,24,5,20,2,202,1.1,issunpct
516,38,BDI,108,Burundi,1839366,5277432,1900,325000,197689,7641386,0,0,0,0,0,206284,8595,0,0,0,0,0,214879,0,0,0,0,0,7220,0,0,6953,0,0,0,0,695000,22000,7728,8587438,8595166,0.214,0.614,0.0002,0.0378,0.02299876543,0.889,0.0,0.0,0.0,0.0,0.0,0.02399876543,0.001,0.0,0.0,0.0,0.0,0.0,0.02499876543,0.0,0.0,0.0,0.0,0.0,0.0008,0.0,0.0,0.0008,0.0,0.0,0.0,0.0,0.08089876543,0.002598765432,0.0009,0.9991,1.0,0,24,5,20,2,350,1.1,chcatpct
517,187,RWA,646,Rwanda,2689553,5844606,1459,482000,235250,9252868,0,0,0,0,0,471085,4758,0,0,0,0,0,475843,0,0,0,0,0,517,0,0,19034,0,0,0,0,422312,36200,137662,10206774,10344436,0.26,0.565,9.87654321e-05,0.0466,0.02269876543,0.8945,0.0,0.0,0.0,0.0,0.0,0.04549876543,0.0005,0.0,0.0,0.0,0.0,0.0,0.04599876543,0.0,0.0,0.0,0.0,0.0,0.0,0.0,0.0,0.0018,0.0,0.0,0.0,0.0,0.0408,0.0035,0.01329876543,0.9867,1.0,0,24,5,20,2,83,1.1,chcatpct
520,205,SOM,706,Somalia,1819,100,1698,220,496,4333,0,0,0,0,0,9190389,93303,0,0,0,0,0,9283692,0,0,0,0,0,5225,0,0,2678,0,0,0,0,6820,4087,23510,9306835,9330345,0.0002,0.0,0.0002,0.0,9.87654321e-05,0.0005,0.0,0.0,0.0,0.0,0.0,0.985,0.009998765432,0.0,0.0,0.0,0.0,0.0,0.995,0.0,0.0,0.0,0.0,0.0,0.0006,0.0,0.0,0.0003,0.0,0.0,0.0,0.0,0.0007,0.0004,0.0025,0.9975,1.0,0,24,5,20,2,83,1.1,issunpct
522,68,DJI,262,Djibouti,656,6100,5500,0,0,12256,0,0,0,0,0,860869,0,0,0,0,0,0,860869,0,0,0,0,0,352,0,0,764,0,0,0,0,0,8500,202,882741,882943,0.0007,0.006898765432,0.006198765432,0.0,0.0,0.01389876543,0.0,0.0,0.0,0.0,0.0,0.975,0.0,0.0,0.0,0.0,0.0,0.0,0.975,0.0,0.0,0.0,0.0,0.0,0.0004,0.0,0.0,0.0009,0.0,0.0,0.0,0.0,0.0,0.009598765432,0.0002,0.9998,1.0,0,24,5,20,2,83,1.1,issunpct
530,78,ETH,231,Ethiopia,14847378,578379,34877700,694,350000,50654152,0,0,0,4500,4500,27906872,425893,0,0,0,0,0,28332765,0,0,0,0,0,6130,0,0,22544,0,0,0,0,3100000,105200,53509,82225291,82278800,0.1805,0.006998765432,0.4239,0.0,0.004298765432,0.6156,0.0,0.0,0.0,9.87654321e-05,9.87654321e-05,0.3392,0.005198765432,0.0,0.0,0.0,0.0,0.0,0.3444,0.0,0.0,0.0,0.0,0.0,9.87654321e-05,0.0,0.0,0.0003,0.0,0.0,0.0,0.0,0.03769876543,0.001298765432,0.0007,0.9993,1.0,0,24,4,7,3,210,1.1,chortpct
531,76,ERI,232,Eritrea,78516,209378,2721914,0,0,3009808,0,0,0,0,0,2100000,0,0,0,0,0,0,2100000,0,0,0,0,0,1047,0,0,1419,0,0,0,0,39500,66898,15778,5218672,5234450,0.01499876543,0.04,0.52,0.0,0.0,0.575,0.0,0.0,0.0,0.0,0.0,0.4012,0.0,0.0,0.0,0.0,0.0,0.0,0.4012,0.0,0.0,0.0,0.0,0.0,0.0002,0.0,0.0,0.0003,0.0,0.0,0.0,0.0,0.007498765432,0.01279876543,0.003,0.997,1.0,0,24,9,28,1,83,1.1,chortpct
540,7,AGO,24,Angola,4396260,11850789,0,37800,750000,17034849,0,0,0,0,0,0,0,0,0,0,0,198750,198750,0,0,1634,1634,0,0,0,0,2064,0,0,0,162,1450000,342000,84717,19029459,19114176,0.23,0.62,0.0,0.002,0.03919876543,0.8912,0.0,0.0,0.0,0.0,0.0,0.0,0.0,0.0,0.0,0.0,0.0,0.01039876543,0.01039876543,0.0,0.0,9.87654321e-05,9.87654321e-05,0.0,0.0,0.0,0.0,9.87654321e-05,0.0,0.0,0.0,0.0,0.07589876543,0.01789876543,0.0044,0.9956,1.0,0,24,5,20,2,83,1.1,chcatpct
541,156,MOZ,508,Mozambique,4897500,5315750,747,126027,0,10340024,0,0,0,218,218,5233075,87367,0,0,0,0,0,5320442,0,0,1900,1900,0,35165,0,0,2686,0,0,0,4063,5850000,192300,95052,21746798,21841850,0.2242,0.2434,0.0,0.005798765432,0.0,0.4734,0.0,0.0,0.0,0.0,0.0,0.2396,0.003998765432,0.0,0.0,0.0,0.0,0.0,0.2436,0.0,0.0,9.87654321e-05,9.87654321e-05,0.0,0.0016,0.0,0.0,9.87654321e-05,0.0,0.0,0.0,0.0002,0.2678,0.008798765432,0.0044,0.9956,1.0,0,24,7,20,2,350,1.1,angenpct
551,245,ZMB,894,Zambia,3816303,4625587,13088,166452,2723069,11344499,0,0,0,1682,1682,65198,5926,0,0,0,0,0,71124,0,0,3912,3912,0,65198,0,0,145000,0,0,0,0,1367676,23431,17134,13022522,13039656,0.2927,0.3547,0.001,0.01279876543,0.2088,0.87,0.0,0.0,0.0,9.87654321e-05,9.87654321e-05,0.004998765432,0.0005,0.0,0.0,0.0,0.0,0.0,0.005498765432,0.0,0.0,0.0003,0.0003,0.0,0.004998765432,0.0,0.0,0.01109876543,0.0,0.0,0.0,0.0,0.1049,0.0018,0.001298765432,0.9987,1.0,0,24,5,20,2,83,1.1,chcatpct
552,246,ZWE,716,Zimbabwe,2396453,2305000,44732,564757,4650237,9961179,0,0,0,11326,11326,128311,2137,0,0,0,0,0,130448,0,0,182,182,0,18005,0,0,25200,0,0,0,389,1647295,311930,59339,12105955,12165294,0.197,0.1895,0.0037,0.04639876543,0.3823,0.8188,0.0,0.0,0.0,0.0009,0.0009,0.01049876543,0.0002,0.0,0.0,0.0,0.0,0.0,0.01069876543,0.0,0.0,0.0,0.0,0.0,0.0015,0.0,0.0,0.0021,0.0,0.0,0.0,0.0,0.1354,0.02559876543,0.004898765432,0.9951,1.0,0,24,4,7,3,350,1.1,chothpct
553,138,MWI,454,Malawi,4482817,3619442,4101,289214,2057026,10452600,0,0,0,278,278,2050581,60353,0,0,0,0,0,2110934,0,0,0,0,0,32970,771,0,35428,0,0,0,0,1733405,87882,6431,14454268,14460699,0.31,0.2503,0.0003,0.01999876543,0.1422,0.7228,0.0,0.0,0.0,0.0,0.0,0.1418,0.004198765432,0.0,0.0,0.0,0.0,0.0,0.146,0.0,0.0,0.0,0.0,0.0,0.002298765432,9.87654321e-05,0.0,0.002398765432,0.0,0.0,0.0,0.0,0.1199,0.006098765432,0.0004,0.9996,1.0,0,24,8,20,2,350,1.1,chprtpct
560,207,ZAF,710,South Africa,12006000,3551568,30400,1900839,23000000,40488807,0,0,0,81536,81536,768950,76050,0,0,0,0,0,845000,0,0,159070,159070,0,750331,10605,0,21000,0,2001,20009,33515,3980000,3200000,430214,49591874,50022088,0.24,0.07099876543,0.0006,0.03799876543,0.4598,0.8094,0.0,0.0,0.0,0.0016,0.0016,0.01539876543,0.0015,0.0,0.0,0.0,0.0,0.0,0.01689876543,0.0,0.0,0.0032,0.0032,0.0,0.01499876543,0.0002,0.0,0.0004,0.0,0.0,0.0004,0.0007,0.0796,0.06399876543,0.008598765432,0.9914,1.0,0,24,5,20,2,1,1.1,chothpct
565,157,NAM,516,Namibia,1049122,621785,0,0,195037,1865944,0,0,0,2466,2466,9500,700,0,0,0,0,0,10200,0,0,0,0,0,3500,0,0,2500,0,0,0,0,215000,41443,3711,2141053,2144764,0.4892,0.2899,0.0,0.0,0.09089876543,0.87,0.0,0.0,0.0,0.0011,0.0011,0.0044,0.0003,0.0,0.0,0.0,0.0,0.0,0.004798765432,0.0,0.0,0.0,0.0,0.0,0.0016,0.0,0.0,0.001198765432,0.0,0.0,0.0,0.0,0.1001987654,0.01929876543,0.0017,0.9983,1.0,0,24,7,20,2,1,1.1,chprtpct
570,130,LSO,426,Lesotho,496281,1220514,0,102475,153681,1972951,0,0,0,0,0,0,0,0,0,0,0,1600,1600,0,0,0,0,0,1213,0,0,800,0,0,0,0,105500,5800,7032,2087864,2094896,0.2369,0.5826,0.0,0.04889876543,0.0734,0.9418,0.0,0.0,0.0,0.0,0.0,0.0,0.0,0.0,0.0,0.0,0.0,0.0008,0.0008,0.0,0.0,0.0,0.0,0.0,0.0006,0.0,0.0,0.0004,0.0,0.0,0.0,0.0,0.05039876543,0.0028,0.0034,0.9966,1.0,0,24,7,28,1,350,1.1,chcatpct
571,29,BWA,72,Botswana,235097,100308,80,0,915314,1250799,0,0,0,0,0,47053,2476,0,0,0,0,0,49529,0,0,1009,1009,0,2494,217,0,3450,0,0,0,100,425000,45000,29917,1777598,1807515,0.1301,0.05549876543,0.0,0.0,0.5064,0.692,0.0,0.0,0.0,0.0,0.0,0.02599876543,0.0014,0.0,0.0,0.0,0.0,0.0,0.02739876543,0.0,0.0,0.0006,0.0006,0.0,0.0014,9.87654321e-05,0.0,0.0019,0.0,0.0,0.0,9.87654321e-05,0.2351,0.02489876543,0.01659876543,0.9834,1.0,0,24,7,20,3,83,1.1,chothpct
572,214,SWZ,748,Swaziland,352752,305149,0,24412,275000,957312,0,0,0,0,0,0,0,0,0,0,0,8000,8000,0,0,0,0,0,1855,0,0,5493,0,0,0,0,229560,14449,3924,1216670,1220594,0.289,0.25,0.0,0.01999876543,0.2253,0.7843,0.0,0.0,0.0,0.0,0.0,0.0,0.0,0.0,0.0,0.0,0.0,0.006598765432,0.006598765432,0.0,0.0,0.0,0.0,0.0,0.0015,0.0,0.0,0.004498765432,0.0,0.0,0.0,0.0,0.1881,0.01179876543,0.0032,0.9968,1.0,0,24,7,24,2,350,1.1,chprtpct
580,137,MDG,450,Madagascar,4103362,5490037,0,1061707,1376675,12031782,0,0,0,308,308,1068176,55457,0,0,0,0,0,1123633,0,0,5135,5135,0,11912,0,0,15200,0,0,0,17200,7205000,125000,3610,20535170,20538780,0.1998,0.2673,0.0,0.0517,0.067,0.5858,0.0,0.0,0.0,0.0,0.0,0.05199876543,0.0027,0.0,0.0,0.0,0.0,0.0,0.05469876543,0.0,0.0,0.0003,0.0003,0.0,0.0006,0.0,0.0,0.0007,0.0,0.0,0.0,0.0008,0.3508,0.006098765432,0.0002,0.9998,1.0,0,24,5,24,2,350,1.1,angenpct
581,56,COM,174,Comoros,0,850,0,0,0,850,0,0,0,0,0,0,666746,0,0,0,0,0,666746,0,0,0,0,0,0,0,0,599,0,0,0,0,9975,1658,133,679828,679961,0.0,0.001298765432,0.0,0.0,0.0,0.001298765432,0.0,0.0,0.0,0.0,0.0,0.0,0.9806,0.0,0.0,0.0,0.0,0.0,0.9806,0.0,0.0,0.0,0.0,0.0,0.0,0.0,0.0,0.0009,0.0,0.0,0.0,0.0,0.01469876543,0.002398765432,0.0002,0.9998,1.0,0,24,4,20,2,83,1.1,isshipct
590,147,MUS,480,Mauritius,26894,336666,35,2889,50000,416484,0,0,0,0,0,203522,18256,0,0,0,0,0,221778,0,0,2251,2251,0,622238,2817,0,668,0,0,0,3500,1200,9092,483,1280028,1280511,0.02099876543,0.2629,0.0,0.002298765432,0.03899876543,0.3252,0.0,0.0,0.0,0.0,0.0,0.1589,0.01429876543,0.0,0.0,0.0,0.0,0.0,0.1732,0.0,0.0,0.0018,0.0018,0.0,0.4859,0.0022,0.0,0.0005,0.0,0.0,0.0,0.0027,0.0009,0.007098765432,0.0004,0.9996,1.0,0,24,4,7,3,331,1.1,higenpct
591,199,SYC,690,Seychelles,3855,69297,97,5614,2258,81121,0,0,0,0,0,0,0,0,0,0,0,1459,1459,0,0,331,331,17,2174,0,0,522,62,0,0,0,0,840,91,86526,86617,0.04449876543,0.8,0.0011,0.06479876543,0.02609876543,0.9365,0.0,0.0,0.0,0.0,0.0,0.0,0.0,0.0,0.0,0.0,0.0,0.01679876543,0.01679876543,0.0,0.0,0.0038,0.0038,0.0002,0.02509876543,0.0,0.0,0.005998765432,0.0007,0.0,0.0,0.0,0.0,0.009698765432,0.0011,0.9989,1.0,0,24,4,7,3,332,1.1,chcatpct
600,155,MAR,504,Morocco,0,0,0,0,317760,317760,0,0,0,6000,6000,31426515,3500,0,0,0,0,0,31430015,0,0,0,0,0,0,0,0,0,0,0,0,0,0,0,22277,31753775,31776052,0.0,0.0,0.0,0.0,0.009998765432,0.009998765432,0.0,0.0,0.0,0.0002,0.0002,0.989,9.87654321e-05,0.0,0.0,0.0,0.0,0.0,0.9891,0.0,0.0,0.0,0.0,0.0,0.0,0.0,0.0,0.0,0.0,0.0,0.0,0.0,0.0,0.0,0.0007,0.9993,1.0,0,24,8,10,2,1,1.1,issunpct
615,4,DZA,12,Algeria,0,0,0,0,285330,285330,0,0,0,0,0,35309660,0,0,0,0,0,0,35309660,0,0,0,0,0,0,0,0,0,0,0,0,0,0,0,71334,35594990,35666324,0.0,0.0,0.0,0.0,0.007998765432,0.007998765432,0.0,0.0,0.0,0.0,0.0,0.99,0.0,0.0,0.0,0.0,0.0,0.0,0.99,0.0,0.0,0.0,0.0,0.0,0.0,0.0,0.0,0.0,0.0,0.0,0.0,0.0,0.0,0.0,0.002,0.998,1.0,0,24,8,20,2,1,1.1,issunpct
616,225,TUN,788,Tunisia,0,31646,0,0,5700,37346,0,0,0,1500,1500,10338017,105489,0,0,0,0,0,10443506,0,0,0,0,0,0,0,0,0,0,0,0,0,0,0,66645,10482352,10548997,0.0,0.003,0.0,0.0,0.0005,0.0035,0.0,0.0,0.0,9.87654321e-05,9.87654321e-05,0.98,0.009998765432,0.0,0.0,0.0,0.0,0.0,0.99,0.0,0.0,0.0,0.0,0.0,0.0,0.0,0.0,0.0,0.0,0.0,0.0,0.0,0.0,0.0,0.006298765432,0.9937,1.0,0,24,5,20,2,1,1.1,issunpct
620,132,LBY,434,Libya,0,65091,65091,0,65091,195273,0,0,0,0,0,6310833,0,0,0,0,0,0,6310833,0,0,0,0,0,0,0,0,0,0,0,0,0,0,0,3000,6506106,6509106,0.0,0.009998765432,0.009998765432,0.0,0.009998765432,0.02999876543,0.0,0.0,0.0,0.0,0.0,0.9695,0.0,0.0,0.0,0.0,0.0,0.0,0.9695,0.0,0.0,0.0,0.0,0.0,0.0,0.0,0.0,0.0,0.0,0.0,0.0,0.0,0.0,0.0,0.0005,0.9995,1.0,0,24,4,5,3,1,1.1,issunpct
625,211,SDN,729,Sudan,703757,2013776,150000,0,0,2867533,0,0,0,0,0,28488914,0,0,0,0,0,0,28488914,0,0,0,0,0,0,0,0,0,0,0,0,0,8025046,401252,342487,39782745,40125232,0.01749876543,0.05019876543,0.0037,0.0,0.0,0.07149876543,0.0,0.0,0.0,0.0,0.0,0.71,0.0,0.0,0.0,0.0,0.0,0.0,0.71,0.0,0.0,0.0,0.0,0.0,0.0,0.0,0.0,0.0,0.0,0.0,0.0,0.0,0.2,0.009998765432,0.008498765432,0.9915,1.0,0,24,4,28,1,1,1.1,issunpct
630,110,IRN,364,Iran,0,0,117000,0,0,117000,0,0,0,8700,8700,6666620,66666204,0,0,0,0,0,73332824,0,0,0,0,0,0,0,0,300000,0,0,0,0,0,265000,50036,74023524,74073560,0.0,0.0,0.0016,0.0,0.0,0.0016,0.0,0.0,0.0,9.87654321e-05,9.87654321e-05,0.08999876543,0.9,0.0,0.0,0.0,0.0,0.0,0.99,0.0,0.0,0.0,0.0,0.0,0.0,0.0,0.0,0.0041,0.0,0.0,0.0,0.0,0.0,0.003598765432,0.0007,0.9993,1.0,0,24,8,5,3,301,1.1,isshipct
640,226,TUR,792,Turkey,64498,35747,87906,0,132126,320277,0,0,0,15000,15000,75699756,0,0,0,0,0,0,75699756,0,0,0,0,0,0,0,0,0,0,0,0,0,0,383938,368661,76418971,76787632,0.0008,0.0005,0.0011,0.0,0.0017,0.004198765432,0.0,0.0,0.0,0.0002,0.0002,0.9858,0.0,0.0,0.0,0.0,0.0,0.0,0.9858,0.0,0.0,0.0,0.0,0.0,0.0,0.0,0.0,0.0,0.0,0.0,0.0,0.0,0.0,0.004998765432,0.004798765432,0.9952,1.0,0,24,4,20,2,83,1.1,issunpct
645,111,IRQ,368,Iraq,0,265000,335000,0,0,600000,0,0,0,0,0,10335000,19875000,0,0,0,0,0,30210000,0,0,0,0,0,0,0,0,0,0,0,0,0,0,350000,640000,31160000,31800000,0.0,0.008298765432,0.01049876543,0.0,0.0,0.01889876543,0.0,0.0,0.0,0.0,0.0,0.325,0.625,0.0,0.0,0.0,0.0,0.0,0.95,0.0,0.0,0.0,0.0,0.0,0.0,0.0,0.0,0.0,0.0,0.0,0.0,0.0,0.0,0.01099876543,0.02009876543,0.9799,1.0,0,24,5,20,2,83,1.1,isshipct
651,73,EGY,818,Egypt,1219163,98000,8127756,0,406387,9851306,0,0,0,0,0,69898701,0,0,0,350000,0,0,70248701,0,0,0,0,0,0,0,0,0,0,0,0,0,0,812776,364777,80912783,81277560,0.01499876543,0.001198765432,0.1,0.0,0.004998765432,0.1212,0.0,0.0,0.0,0.0,0.0,0.86,0.0,0.0,0.0,0.004298765432,0.0,0.0,0.8643,0.0,0.0,0.0,0.0,0.0,0.0,0.0,0.0,0.0,0.0,0.0,0.0,0.0,0.0,0.009998765432,0.004498765432,0.9955,1.0,0,24,5,20,2,83,1.1,issunpct
652,217,SYR,760,Syria,72993,378443,1079535,0,0,1530971,0,0,0,0,0,15113492,0,0,0,3258974,0,0,18372466,0,0,0,0,0,0,0,0,0,0,0,0,0,0,297589,167562,20201026,20368588,0.003598765432,0.01859876543,0.05299876543,0.0,0.0,0.0752,0.0,0.0,0.0,0.0,0.0,0.742,0.0,0.0,0.0,0.16,0.0,0.0,0.902,0.0,0.0,0.0,0.0,0.0,0.0,0.0,0.0,0.0,0.0,0.0,0.0,0.0,0.0,0.01459876543,0.008198765432,0.9918,1.0,0,24,4,20,2,83,1.1,issunpct
660,129,LBN,422,Lebanon,28567,857010,489720,0,285670,1660967,0,0,0,0,0,1101870,1101870,0,0,0,0,0,2203740,0,0,75000,75000,0,0,0,0,0,0,0,0,0,0,122430,18863,4062137,4081000,0.006998765432,0.21,0.12,0.0,0.07,0.407,0.0,0.0,0.0,0.0,0.0,0.27,0.27,0.0,0.0,0.0,0.0,0.0,0.54,0.0,0.0,0.01839876543,0.01839876543,0.0,0.0,0.0,0.0,0.0,0.0,0.0,0.0,0.0,0.0,0.02999876543,0.004598765432,0.9954,1.0,0,2,5,20,2,83,1.1,issunpct
663,119,JOR,400,Jordan,0,30560,134467,0,18336,183363,0,0,0,0,0,5806540,122242,0,0,0,0,0,5928782,0,0,0,0,0,0,0,0,0,0,0,0,0,0,0,3,6112145,6112148,0.0,0.004998765432,0.02199876543,0.0,0.003,0.02999876543,0.0,0.0,0.0,0.0,0.0,0.95,0.01999876543,0.0,0.0,0.0,0.0,0.0,0.97,0.0,0.0,0.0,0.0,0.0,0.0,0.0,0.0,0.0,0.0,0.0,0.0,0.0,0.0,0.0,0.0,1.0,1.0,0,24,9,25,2,83,1.1,issunpct
666,113,ISR,376,Israel,0,101600,50800,0,0,152400,5517567,33439,22293,0,5573299,1371600,0,0,0,0,0,152400,1524000,0,0,0,0,0,0,0,0,0,0,0,0,0,0,343000,31795,7592699,7624494,0.0,0.01329876543,0.006698765432,0.0,0.0,0.01999876543,0.7237,0.0044,0.002898765432,0.0,0.731,0.1799,0.0,0.0,0.0,0.0,0.0,0.01999876543,0.1999,0.0,0.0,0.0,0.0,0.0,0.0,0.0,0.0,0.0,0.0,0.0,0.0,0.0,0.0,0.04499876543,0.004198765432,0.9958,1.0,0,2,1,1,3,90,1.1,jdorpct
670,196,SAU,682,Saudi Arabia,0,782723,0,0,0,782723,0,0,0,0,0,22829436,1648170,0,0,0,0,0,24477606,0,0,0,0,0,260907,0,0,0,0,0,0,0,0,521815,47733,26043051,26090784,0.0,0.02999876543,0.0,0.0,0.0,0.02999876543,0.0,0.0,0.0,0.0,0.0,0.875,0.0632,0.0,0.0,0.0,0.0,0.0,0.9382,0.0,0.0,0.0,0.0,0.0,0.009998765432,0.0,0.0,0.0,0.0,0.0,0.0,0.0,0.0,0.01999876543,0.0018,0.9982,1.0,0,24,4,10,2,83,1.1,issunpct
679,244,YEM,887,Yemen,0,0,0,0,0,0,0,0,0,0,0,12982960,10386368,0,0,0,0,0,23369328,0,0,0,0,0,0,0,0,0,0,0,0,0,0,0,236054,23369328,23605382,0.0,0.0,0.0,0.0,0.0,0.0,0.0,0.0,0.0,0.0,0.0,0.55,0.44,0.0,0.0,0.0,0.0,0.0,0.99,0.0,0.0,0.0,0.0,0.0,0.0,0.0,0.0,0.0,0.0,0.0,0.0,0.0,0.0,0.0,0.009998765432,0.99,1.0,0,24,5,20,3,83,1.1,issunpct
690,125,KWT,414,Kuwait,0,0,0,0,0,0,0,0,0,0,0,1886897,591600,0,0,0,0,0,2478497,0,0,0,0,0,107823,0,0,0,0,0,0,0,0,0,109248,2586320,2695568,0.0,0.0,0.0,0.0,0.0,0.0,0.0,0.0,0.0,0.0,0.0,0.7,0.2195,0.0,0.0,0.0,0.0,0.0,0.9195,0.0,0.0,0.0,0.0,0.0,0.04,0.0,0.0,0.0,0.0,0.0,0.0,0.0,0.0,0.0,0.0405,0.9595,1.0,0,24,5,20,2,83,1.1,issunpct
692,18,BHR,48,Bahrain,13767,32757,33917,13767,26777,120985,0,0,0,0,0,365037,741137,0,0,0,0,0,1106174,0,0,0,0,0,0,0,0,0,0,0,0,0,0,0,7412,1227159,1234571,0.01119876543,0.02649876543,0.02749876543,0.01119876543,0.02169876543,0.098,0.0,0.0,0.0,0.0,0.0,0.2957,0.6003,0.0,0.0,0.0,0.0,0.0,0.896,0.0,0.0,0.0,0.0,0.0,0.0,0.0,0.0,0.0,0.0,0.0,0.0,0.0,0.0,0.0,0.005998765432,0.994,1.0,0,24,4,8,3,303,1.1,isshipct
694,183,QAT,634,Qatar,6000,200000,20000,3000,16603,245603,0,0,0,0,0,628790,169943,0,0,0,0,0,798733,0,0,36603,36603,0,450000,0,0,0,0,0,0,0,0,30000,138496,1560939,1699435,0.0035,0.1177,0.01179876543,0.0018,0.009798765432,0.1445,0.0,0.0,0.0,0.0,0.0,0.37,0.1,0.0,0.0,0.0,0.0,0.0,0.47,0.0,0.0,0.02149876543,0.02149876543,0.0,0.2648,0.0,0.0,0.0,0.0,0.0,0.0,0.0,0.0,0.01769876543,0.0815,0.9185,1.0,0,24,7,10,2,83,1.1,issunpct
696,232,ARE,784,United Arab Emirates,0,185228,185228,0,75005,445461,0,0,0,0,0,3530371,677966,0,0,0,0,0,4208337,0,0,22000,22000,0,1387654,0,0,62367,0,0,0,0,0,85000,25831,6210819,6236650,0.0,0.02969876543,0.02969876543,0.0,0.01199876543,0.0714,0.0,0.0,0.0,0.0,0.0,0.5661,0.1086987654,0.0,0.0,0.0,0.0,0.0,0.6748,0.0,0.0,0.0035,0.0035,0.0,0.2225,0.0,0.0,0.009998765432,0.0,0.0,0.0,0.0,0.0,0.01359876543,0.0041,0.9959,1.0,0,234,5,20,2,83,1.1,issunpct
698,171,OMN,512,Oman,6900,49399,25300,0,17900,99499,0,0,0,0,0,862000,210000,1606195,0,0,0,0,2678195,0,0,8900,8900,0,78000,19000,0,0,0,0,0,0,0,0,96360,2883594,2979954,0.002298765432,0.01659876543,0.008498765432,0.0,0.005998765432,0.03339876543,0.0,0.0,0.0,0.0,0.0,0.2893,0.07049876543,0.539,0.0,0.0,0.0,0.0,0.8987,0.0,0.0,0.003,0.003,0.0,0.02619876543,0.006398765432,0.0,0.0,0.0,0.0,0.0,0.0,0.0,0.0,0.03229876543,0.9677,1.0,0,24,5,20,2,1,1.1,isibdpct
700,1,AFG,4,Afghanistan,6000,156,70,39,1022,7287,0,0,0,0,0,21600000,5130000,0,0,0,0,150000,26880000,0,0,2500,2500,2000,8000,2000,0,3000,0,0,0,0,3316,55000,36897,26963103,27000000,0.0002,0.0,0.0,0.0,0.0,0.0003,0.0,0.0,0.0,0.0,0.0,0.8,0.19,0.0,0.0,0.0,0.0,0.005598765432,0.9956,0.0,0.0,9.87654321e-05,9.87654321e-05,9.87654321e-05,0.0003,9.87654321e-05,0.0,9.87654321e-05,0.0,0.0,0.0,0.0,9.87654321e-05,0.002,0.0014,0.9986,1.0,0,24,4,10,2,83,1.1,issunpct
701,227,TKM,795,Turkmenistan,0,0,505440,0,0,505440,0,0,0,700,700,4998243,0,0,0,0,0,0,4998243,0,0,722,722,0,0,0,0,1096,0,0,0,0,0,56160,53643,5562361,5616004,0.0,0.0,0.08999876543,0.0,0.0,0.08999876543,0.0,0.0,0.0,9.87654321e-05,9.87654321e-05,0.89,0.0,0.0,0.0,0.0,0.0,0.0,0.89,0.0,0.0,9.87654321e-05,9.87654321e-05,0.0,0.0,0.0,0.0,0.0002,0.0,0.0,0.0,0.0,0.0,0.009998765432,0.009598765432,0.9904,1.0,0,24,4,7,3,83,1.1,issunpct
702,218,TJK,762,Tajikistan,0,0,150000,0,0,150000,0,0,0,2000,2000,6320980,371822,0,0,0,0,0,6692802,0,0,5600,5600,0,0,0,0,4500,0,0,0,0,0,185911,395635,7040813,7436448,0.0,0.0,0.02019876543,0.0,0.0,0.02019876543,0.0,0.0,0.0,0.0003,0.0003,0.85,0.05,0.0,0.0,0.0,0.0,0.0,0.9,0.0,0.0,0.0008,0.0008,0.0,0.0,0.0,0.0,0.0006,0.0,0.0,0.0,0.0,0.0,0.02499876543,0.05319876543,0.9468,1.0,0,24,5,18,2,83,1.1,issunpct
703,126,KGZ,417,Kyrgyzstan,11000,0,429229,0,100000,540229,0,0,0,500,500,4131336,1200,0,0,0,0,0,4132536,0,0,0,0,0,0,0,0,0,0,0,0,0,0,268268,423839,4941533,5365372,0.0021,0.0,0.08,0.0,0.01859876543,0.1006987654,0.0,0.0,0.0,9.87654321e-05,9.87654321e-05,0.77,0.0002,0.0,0.0,0.0,0.0,0.0,0.7702,0.0,0.0,0.0,0.0,0.0,0.0,0.0,0.0,0.0,0.0,0.0,0.0,0.0,0.0,0.05,0.07899876543,0.921,1.0,0,24,5,10,2,83,1.1,issunpct
704,236,UZB,860,Uzbekistan,0,0,1126422,0,281605,1408027,0,0,0,4200,4200,25907724,281605,0,0,0,0,0,26189329,0,0,0,0,0,0,0,0,0,0,0,0,0,0,504000,55014,28105556,28160570,0.0,0.0,0.04,0.0,0.009998765432,0.05,0.0,0.0,0.0,9.87654321e-05,9.87654321e-05,0.92,0.009998765432,0.0,0.0,0.0,0.0,0.0,0.93,0.0,0.0,0.0,0.0,0.0,0.0,0.0,0.0,0.0,0.0,0.0,0.0,0.0,0.0,0.01789876543,0.002,0.998,1.0,0,24,5,10,2,83,1.1,issunpct
705,120,KAZ,398,Kazakhstan,0,0,4731595,0,0,4731595,0,0,0,3300,3300,9189508,489475,0,0,0,0,0,9678983,0,0,0,0,0,0,0,0,0,0,0,0,0,0,1880000,21970,16293878,16315848,0.0,0.0,0.29,0.0,0.0,0.29,0.0,0.0,0.0,0.0002,0.0002,0.5632,0.02999876543,0.0,0.0,0.0,0.0,0.0,0.5932,0.0,0.0,0.0,0.0,0.0,0.0,0.0,0.0,0.0,0.0,0.0,0.0,0.0,0.0,0.1152,0.001298765432,0.9987,1.0,0,24,5,20,2,83,1.1,issunpct
710,52,CHN,156,China,51116622,10761394,10317,0,16142091,78030424,0,0,0,2579,2579,0,0,0,0,0,0,33629356,33629356,0,0,169491958,169491958,0,18572,22699,0,0,4573592,0,0,564973194,53653442,437181638,3596818,1341577454,1345174272,0.03799876543,0.007998765432,0.0,0.0,0.01199876543,0.05799876543,0.0,0.0,0.0,0.0,0.0,0.0,0.0,0.0,0.0,0.0,0.0,0.02499876543,0.02499876543,0.0,0.0,0.126,0.126,0.0,0.0,0.0,0.0,0.0,0.0034,0.0,0.0,0.42,0.03989876543,0.325,0.0027,0.9973,1.0,0,24,5,24,2,83,1.1,sygenpct
712,153,MNG,496,Mongolia,28833,654,3500,0,20183,53170,0,0,0,0,0,0,0,0,0,0,0,82380,82380,0,0,1455388,1455388,0,0,0,0,0,0,0,0,45000,250000,850000,10078,2735938,2746016,0.01049876543,0.0002,0.001298765432,0.0,0.007298765432,0.01939876543,0.0,0.0,0.0,0.0,0.0,0.0,0.0,0.0,0.0,0.0,0.0,0.02999876543,0.02999876543,0.0,0.0,0.53,0.53,0.0,0.0,0.0,0.0,0.0,0.0,0.0,0.0,0.01639876543,0.09099876543,0.3095,0.0037,0.9963,1.0,0,24,4,24,2,83,1.1,buothpct
713,50,TWN,158,Taiwan,629753,310192,0,0,291456,1231401,0,0,0,100,100,65000,12000,0,0,0,0,25000,102000,0,0,5710455,5710455,0,0,0,0,16654,4731996,0,13011,9120490,58291,1593900,191702,22578298,22770000,0.02769876543,0.01359876543,0.0,0.0,0.01279876543,0.05409876543,0.0,0.0,0.0,0.0,0.0,0.002898765432,0.0005,0.0,0.0,0.0,0.0,0.0011,0.004498765432,0.0,0.0,0.2508,0.2508,0.0,0.0,0.0,0.0,0.0007,0.2078,0.0,0.0006,0.4005,0.002598765432,0.07,0.008398765432,0.9916,1.0,0,24,4,8,3,83,1.1,sygenpct
731,123,PRK,408,North Korea,10147,40591,0,0,355172,405910,0,0,0,0,0,0,0,0,0,0,0,0,0,0,0,1116257,1116257,0,0,0,0,0,0,0,3171257,15197,3903086,15690406,92175,24302113,24394288,0.0004,0.0017,0.0,0.0,0.01459876543,0.01659876543,0.0,0.0,0.0,0.0,0.0,0.0,0.0,0.0,0.0,0.0,0.0,0.0,0.0,0.0,0.0,0.04579876543,0.04579876543,0.0,0.0,0.0,0.0,0.0,0.0,0.0,0.13,0.0006,0.16,0.6432,0.0038,0.9962,1.0,0,24,9,28,1,311,1.1,norelpct
732,124,KOR,410,South Korea,8748356,5224935,0,0,0,13973291,0,0,0,101,101,0,0,0,0,0,0,71071,71071,0,0,11022677,11022677,0,0,0,29951,30459,0,0,329544,45688,511716,22199939,660563,48214437,48875000,0.179,0.1069,0.0,0.0,0.0,0.2859,0.0,0.0,0.0,0.0,0.0,0.0,0.0,0.0,0.0,0.0,0.0,0.0015,0.0015,0.0,0.0,0.2255,0.2255,0.0,0.0,0.0,0.0006,0.0006,0.0,0.0,0.006698765432,0.0009,0.01049876543,0.4542,0.01349876543,0.9865,1.0,0,34,7,28,1,99,1.1,norelpct
740,117,JPN,392,Japan,1307988,1072810,47680,47680,23840,2499998,0,0,0,1000,1000,0,0,0,0,0,0,195001,195001,0,0,88035713,88035713,0,23500,2000,108000000,15000,0,1500,120000,295000,12000,12107911,0,211308623,127451704,0.01029876543,0.008398765432,0.0004,0.0004,0.0002,0.01959876543,0.0,0.0,0.0,0.0,0.0,0.0,0.0,0.0,0.0,0.0,0.0,0.0015,0.0015,0.0,0.0,0.6907,0.6907,0.0,0.0002,0.0,0.8474,9.87654321e-05,0.0,0.0,0.0009,0.002298765432,9.87654321e-05,0.09499876543,0.0,1.658,1.658,1,24,5,10,2,83,1.1,shgenpct
750,108,IND,356,India,8691861,8926840,2047651,0,8307478,27973830,0,0,0,5000,5000,136110500,24019500,0,0,0,0,0,160130000,0,0,9241589,9241589,83642,961401054,22322975,0,1684469,0,4908196,0,151021,2904258,3717450,476516,1194523484,1195000000,0.007298765432,0.007498765432,0.0017,0.0,0.006998765432,0.02339876543,0.0,0.0,0.0,0.0,0.0,0.1139,0.02009876543,0.0,0.0,0.0,0.0,0.0,0.134,0.0,0.0,0.007698765432,0.007698765432,9.87654321e-05,0.8045,0.01869876543,0.0,0.0014,0.0,0.0041,0.0,9.87654321e-05,0.002398765432,0.0031,0.0004,0.9996,1.0,0,24,4,8,2,313,1.1,higenpct
760,26,BTN,64,Bhutan,3334,2146,0,0,2974,8454,0,0,0,0,0,0,0,0,0,0,0,6947,6947,525366,58374,0,583740,0,72169,0,0,0,0,0,0,0,22483,196,765,693989,694754,0.004798765432,0.0031,0.0,0.0,0.004298765432,0.01219876543,0.0,0.0,0.0,0.0,0.0,0.0,0.0,0.0,0.0,0.0,0.0,0.009998765432,0.009998765432,0.7562,0.084,0.0,0.8402,0.0,0.1039,0.0,0.0,0.0,0.0,0.0,0.0,0.0,0.03239876543,0.0003,0.0011,0.9989,1.0,0,24,8,35,1,83,1.1,bumahpct
770,172,PAK,586,Pakistan,1258103,772343,0,0,833144,2863590,0,0,0,0,0,136736508,24129972,0,0,0,0,322935,161189415,0,0,96880,96880,5382,3705824,43058,0,73198,0,0,0,2152,182996,163620,120461,168326115,168446576,0.007498765432,0.004598765432,0.0,0.0,0.004898765432,0.01699876543,0.0,0.0,0.0,0.0,0.0,0.8117,0.1432,0.0,0.0,0.0,0.0,0.0019,0.9569,0.0,0.0,0.0006,0.0006,0.0,0.02199876543,0.0003,0.0,0.0004,0.0,0.0,0.0,0.0,0.0011,0.001,0.0007,0.9993,1.0,0,24,8,24,2,83,1.1,issunpct
771,19,BGD,50,Bangladesh,147290,88374,0,0,58916,294580,0,0,0,177,177,131825165,294581,0,0,0,0,0,132119746,0,0,883744,883744,339,13256161,21000,0,9515,0,0,0,3152,522808,116581,62885,147227803,147290688,0.001,0.0006,0.0,0.0,0.0004,0.002,0.0,0.0,0.0,0.0,0.0,0.895,0.002,0.0,0.0,0.0,0.0,0.0,0.897,0.0,0.0,0.005998765432,0.005998765432,0.0,0.08999876543,9.87654321e-05,0.0,9.87654321e-05,0.0,0.0,0.0,0.0,0.0035,0.0008,0.0004,0.9996,1.0,0,34,99,10,2,99,1.1,issunpct
775,37,MMR,104,Myanmar,3200000,805000,0,60000,500000,4565000,0,0,0,25,25,2450000,0,0,0,0,0,0,2450000,0,43983776,0,43983776,853,58808,1593,0,90271,0,3070,107263,119276,7056956,286983,84093,58723875,58807968,0.05439876543,0.01369876543,0.0,0.001,0.008498765432,0.0776,0.0,0.0,0.0,0.0,0.0,0.0417,0.0,0.0,0.0,0.0,0.0,0.0,0.0417,0.0,0.7479,0.0,0.7479,0.0,0.001,0.0,0.0,0.0015,0.0,9.87654321e-05,0.0018,0.002,0.12,0.004898765432,0.0014,0.9986,1.0,1,24,5,20,2,83,1.1,buthrpct
780,210,LKA,144,Sri Lanka,220966,1242473,0,22096,10043,1495578,0,0,0,0,0,1816110,159755,0,0,0,0,0,1975865,2875906,11591582,0,14467488,0,2565831,0,0,0,0,0,0,0,0,9481,75835,20514243,20590078,0.01069876543,0.06029876543,0.0,0.0011,0.0005,0.07259876543,0.0,0.0,0.0,0.0,0.0,0.08819876543,0.007798765432,0.0,0.0,0.0,0.0,0.0,0.096,0.1397,0.563,0.0,0.7026,0.0,0.1245987654,0.0,0.0,0.0,0.0,0.0,0.0,0.0,0.0,0.0005,0.0037,0.9963,1.0,0,24,4,7,3,315,1.1,buthrpct
781,140,MDV,462,Maldives,554,887,0,0,0,1441,0,0,0,0,0,292012,19044,0,0,0,0,0,311056,0,0,1331,1331,0,0,0,0,0,0,0,0,0,0,0,3577,313828,317405,0.0017,0.0028,0.0,0.0,0.0,0.004498765432,0.0,0.0,0.0,0.0,0.0,0.92,0.05999876543,0.0,0.0,0.0,0.0,0.0,0.98,0.0,0.0,0.004198765432,0.004198765432,0.0,0.0,0.0,0.0,0.0,0.0,0.0,0.0,0.0,0.0,0.0,0.01129876543,0.9887,1.0,0,24,7,10,2,83,1.1,issunpct
790,159,NPL,524,Nepal,41940,3349,1378,0,329030,375697,0,0,0,0,0,0,0,0,0,0,0,1162370,1162370,0,0,2396099,2396099,0,21551492,609,0,1283,0,3214,0,0,942157,50000,11583,26482921,26494504,0.0016,9.87654321e-05,9.87654321e-05,0.0,0.01239876543,0.01419876543,0.0,0.0,0.0,0.0,0.0,0.0,0.0,0.0,0.0,0.0,0.0,0.0439,0.0439,0.0,0.0,0.09039876543,0.09039876543,0.0,0.8134,0.0,0.0,0.0,0.0,9.87654321e-05,0.0,0.0,0.0356,0.0019,0.0004,0.9996,1.0,0,24,4,7,3,316,1.1,higenpct
800,220,THA,764,Thailand,190694,172023,497,6781,34003,403998,0,0,0,200,200,6060012,673334,0,0,0,0,0,6733346,0,58580120,0,58580120,0,56000,19500,0,6300,0,0,77000,62000,475000,673334,246674,67086798,67333472,0.0028,0.002598765432,0.0,9.87654321e-05,0.0005,0.005998765432,0.0,0.0,0.0,0.0,0.0,0.08999876543,0.009998765432,0.0,0.0,0.0,0.0,0.0,0.1,0.0,0.87,0.0,0.87,0.0,0.0008,0.0003,0.0,9.87654321e-05,0.0,0.0,0.0011,0.0009,0.007098765432,0.009998765432,0.0037,0.9963,1.0,0,24,5,10,2,83,1.1,buthrpct
811,39,KHM,116,Cambodia,25047,8202,0,96,23854,57199,0,0,0,0,0,274289,19427,0,0,0,0,0,293716,47098,14754892,0,14801990,0,0,0,0,0,0,0,0,0,39996,59995,55260,15252896,15308156,0.0016,0.0005,0.0,0.0,0.0016,0.0037,0.0,0.0,0.0,0.0,0.0,0.01789876543,0.001298765432,0.0,0.0,0.0,0.0,0.0,0.01919876543,0.0031,0.9639,0.0,0.9669,0.0,0.0,0.0,0.0,0.0,0.0,0.0,0.0,0.0,0.002598765432,0.003898765432,0.003598765432,0.9964,1.0,0,24,4,7,3,317,1.1,buthrpct
812,127,LAO,418,Laos,63397,27549,0,144,1022,92112,0,0,0,0,0,55268,6140,0,0,0,0,0,61408,45000,4114404,0,4159404,0,0,0,0,52000,0,0,0,15000,1688748,68000,4230,6136672,6140902,0.01029876543,0.004498765432,0.0,0.0,0.0002,0.01499876543,0.0,0.0,0.0,0.0,0.0,0.008998765432,0.001,0.0,0.0,0.0,0.0,0.0,0.009998765432,0.007298765432,0.67,0.0,0.6773,0.0,0.0,0.0,0.0,0.008498765432,0.0,0.0,0.0,0.002398765432,0.275,0.01109876543,0.0007,0.9993,1.0,0,24,8,20,2,1,1.1,buthrpct
816,239,VNM,704,Vietnam,967098,7033441,0,3900,0,8004439,0,0,0,0,0,87918,5818,0,0,0,0,0,93736,10550162,32529668,0,43079830,0,50000,0,0,325000,0,0,0,820000,3516720,32002160,26139,87891885,87918024,0.01099876543,0.08,0.0,0.0,0.0,0.09099876543,0.0,0.0,0.0,0.0,0.0,0.001,9.87654321e-05,0.0,0.0,0.0,0.0,0.0,0.0011,0.12,0.37,0.0,0.49,0.0,0.0006,0.0,0.0,0.0037,0.0,0.0,0.0,0.009298765432,0.04,0.364,0.0003,0.9997,1.0,0,24,5,20,2,320,1.1,buthrpct
820,139,MYS,458,Malaysia,600749,858334,5852,247720,626103,2338758,0,0,0,0,0,15536700,1726300,0,0,0,0,0,17263000,0,0,5433600,5433600,0,1698000,0,0,0,0,0,0,710000,775000,50000,31642,28268358,28300000,0.02119876543,0.03029876543,0.0002,0.008798765432,0.02209876543,0.0826,0.0,0.0,0.0,0.0,0.0,0.549,0.06099876543,0.0,0.0,0.0,0.0,0.0,0.61,0.0,0.0,0.192,0.192,0.0,0.05999876543,0.0,0.0,0.0,0.0,0.0,0.0,0.02509876543,0.02739876543,0.0018,0.0011,0.9989,1.0,0,24,4,7,3,322,1.1,issunpct
830,201,SGP,702,Singapore,266768,358229,4074,67166,234426,930663,0,0,0,300,300,0,0,0,0,0,0,727000,727000,0,0,1688506,1688506,0,258053,17564,0,6000,554426,0,0,320000,0,602421,7067,5104933,5112000,0.0522,0.07009876543,0.0008,0.01309876543,0.0459,0.1821,0.0,0.0,0.0,9.87654321e-05,9.87654321e-05,0.0,0.0,0.0,0.0,0.0,0.0,0.1422,0.1422,0.0,0.0,0.3303,0.3303,0.0,0.0505,0.0034,0.0,0.001198765432,0.1084987654,0.0,0.0,0.06259876543,0.0,0.1177987654,0.0014,0.9986,1.0,0,24,4,8,3,324,1.1,buothpct
835,34,BRN,96,Brunei,1853,5526,0,1642,3341,12362,0,0,0,30,30,0,0,0,0,0,0,335000,335000,0,0,28848,28848,0,0,0,0,0,0,0,0,15000,15000,4880,995,411120,412115,0.004498765432,0.01339876543,0.0,0.003998765432,0.008098765432,0.02999876543,0.0,0.0,0.0,9.87654321e-05,9.87654321e-05,0.0,0.0,0.0,0.0,0.0,0.0,0.8129,0.8129,0.0,0.0,0.07,0.07,0.0,0.0,0.0,0.0,0.0,0.0,0.0,0.0,0.0364,0.0364,0.01179876543,0.002398765432,0.9976,1.0,0,24,8,7,3,83,1.1,islotpct
840,178,PHL,608,Philippines,7487470,76469863,0,145000,391112,84493445,0,0,0,300,300,4604898,460489,0,0,0,0,48384,5113771,0,0,105000,105000,0,0,0,0,157000,0,0,0,53000,1093786,858781,222895,91875083,92097978,0.08129876543,0.8303,0.0,0.0016,0.004198765432,0.9174,0.0,0.0,0.0,0.0,0.0,0.05,0.004998765432,0.0,0.0,0.0,0.0,0.0005,0.05549876543,0.0,0.0,0.0011,0.0011,0.0,0.0,0.0,0.0,0.0017,0.0,0.0,0.0,0.0006,0.01189876543,0.009298765432,0.002398765432,0.9976,1.0,0,24,5,8,3,325,1.1,chcatpct
850,109,IDN,360,Indonesia,16797200,7198800,1886,3773,1442867,25444526,0,0,0,0,0,199000000,2050000,0,0,0,500000,0,201550000,0,0,1919680,1919680,0,3599400,12500,0,21200,0,0,0,2062908,3200000,1800000,349786,239610214,239960000,0.07,0.02999876543,0.0,0.0,0.005998765432,0.1059987654,0.0,0.0,0.0,0.0,0.0,0.8293,0.008498765432,0.0,0.0,0.0,0.0021,0.0,0.8399,0.0,0.0,0.007998765432,0.007998765432,0.0,0.01499876543,9.87654321e-05,0.0,9.87654321e-05,0.0,0.0,0.0,0.008598765432,0.01329876543,0.007498765432,0.0015,0.9985,1.0,0,24,4,10,2,83,1.1,issunpct
860,71,TLS,626,East Timor,16916,1088306,0,0,0,1105222,0,0,0,0,0,0,0,0,0,0,0,7894,7894,0,0,1127,1127,0,0,0,0,0,0,0,0,0,7500,4365,1671,1126108,1127779,0.01499876543,0.965,0.0,0.0,0.0,0.98,0.0,0.0,0.0,0.0,0.0,0.0,0.0,0.0,0.0,0.0,0.0,0.006998765432,0.006998765432,0.0,0.0,0.001,0.001,0.0,0.0,0.0,0.0,0.0,0.0,0.0,0.0,0.0,0.006698765432,0.003898765432,0.0015,0.9985,1.0,0,24,4,10,2,83,1.1,chcatpct
900,14,AUS,36,Australia,2017577,4340077,616754,3338520,2837742,13150670,0,0,0,97335,97335,0,0,0,0,0,0,476290,476290,0,0,528977,528977,2450,180000,30000,0,15000,0,0,55000,70000,59000,6636435,98843,21301157,21400000,0.09429876543,0.2028,0.02879876543,0.156,0.1326,0.6145,0.0,0.0,0.0,0.004498765432,0.004498765432,0.0,0.0,0.0,0.0,0.0,0.0,0.02229876543,0.02229876543,0.0,0.0,0.02469876543,0.02469876543,9.87654321e-05,0.008398765432,0.0014,0.0,0.0007,0.0,0.0,0.002598765432,0.003298765432,0.0028,0.3101,0.004598765432,0.9954,1.0,0,24,4,7,3,326,1.1,norelpct
910,175,PNG,598,Papua New Guinea,4132132,1859459,0,137737,482082,6611410,0,0,0,813,813,0,0,0,0,0,0,1832,1832,0,0,2865,2865,0,0,0,0,34384,0,0,0,3581,171921,35816,24265,6862622,6886887,0.6,0.27,0.0,0.01999876543,0.07,0.96,0.0,0.0,0.0,9.87654321e-05,9.87654321e-05,0.0,0.0,0.0,0.0,0.0,0.0,0.0003,0.0003,0.0,0.0,0.0004,0.0004,0.0,0.0,0.0,0.0,0.004998765432,0.0,0.0,0.0,0.0005,0.02499876543,0.005198765432,0.0035,0.9965,1.0,0,34,8,28,1,99,1.1,chprtpct
920,163,NZL,554,New Zealand,692769,673936,7827,752931,234094,2361557,0,0,0,4696,4696,0,0,0,0,0,0,48943,48943,0,0,91846,91846,0,86698,9922,0,7514,0,0,0,11480,31311,1711677,1846,4365644,4367490,0.1586,0.1543,0.0018,0.1724,0.05359876543,0.5407,0.0,0.0,0.0,0.0011,0.0011,0.0,0.0,0.0,0.0,0.0,0.0,0.01119876543,0.01119876543,0.0,0.0,0.02099876543,0.02099876543,0.0,0.01989876543,0.002298765432,0.0,0.0017,0.0,0.0,0.0,0.002598765432,0.007198765432,0.3919,0.0004,0.9996,1.0,0,34,5,10,2,99,1.1,norelpct
935,237,VUT,548,Vanuatu,140012,28968,0,36210,0,205190,0,0,0,0,0,0,0,0,0,0,0,0,0,0,0,476,476,0,0,0,0,12070,0,0,0,0,10887,8000,4777,236623,241400,0.58,0.12,0.0,0.15,0.0,0.85,0.0,0.0,0.0,0.0,0.0,0.0,0.0,0.0,0.0,0.0,0.0,0.0,0.0,0.0,0.0,0.002,0.002,0.0,0.0,0.0,0.0,0.05,0.0,0.0,0.0,0.0,0.0451,0.03309876543,0.01979876543,0.9802,1.0,0,24,5,10,2,83,1.1,chprtpct
940,204,SLB,90,Solomon Islands,203882,101941,0,177055,0,482878,0,0,0,0,0,0,0,0,0,0,0,1700,1700,0,0,1750,1750,0,0,0,0,3200,0,0,0,0,26826,1700,18479,518054,536533,0.38,0.19,0.0,0.33,0.0,0.9,0.0,0.0,0.0,0.0,0.0,0.0,0.0,0.0,0.0,0.0,0.0,0.0032,0.0032,0.0,0.0,0.003298765432,0.003298765432,0.0,0.0,0.0,0.0,0.005998765432,0.0,0.0,0.0,0.0,0.05,0.0032,0.0344,0.9656,1.0,0,24,5,10,2,83,1.1,chprtpct
946,122,KIR,296,Kiribati,42230,56650,0,0,0,98880,0,0,0,0,0,0,0,0,0,0,0,0,0,0,0,13,13,0,0,0,0,2060,0,0,0,0,0,1030,1017,101983,103000,0.41,0.55,0.0,0.0,0.0,0.96,0.0,0.0,0.0,0.0,0.0,0.0,0.0,0.0,0.0,0.0,0.0,0.0,0.0,0.0,0.0,9.87654321e-05,9.87654321e-05,0.0,0.0,0.0,0.0,0.01999876543,0.0,0.0,0.0,0.0,0.0,0.009998765432,0.009898765432,0.9901,1.0,0,24,5,10,2,83,1.1,chcatpct
947,229,TUV,798,Tuvalu,9664,100,0,0,0,9764,0,0,0,0,0,0,0,0,0,0,0,10,10,0,0,0,0,0,0,0,0,152,0,0,0,0,0,70,71,9996,10067,0.96,0.009898765432,0.0,0.0,0.0,0.9699,0.0,0.0,0.0,0.0,0.0,0.0,0.0,0.0,0.0,0.0,0.0,0.001,0.001,0.0,0.0,0.0,0.0,0.0,0.0,0.0,0.0,0.01509876543,0.0,0.0,0.0,0.0,0.0,0.006998765432,0.007098765432,0.9929,1.0,0,24,5,10,2,83,1.1,chprtpct
950,81,FJI,242,Fiji,420000,105000,0,8600,16363,549963,0,0,0,0,0,0,0,0,0,0,0,51559,51559,0,0,0,0,0,240609,4200,0,2200,0,0,0,0,1400,9042,345,858973,859318,0.4888,0.1222,0.0,0.009998765432,0.01899876543,0.64,0.0,0.0,0.0,0.0,0.0,0.0,0.0,0.0,0.0,0.0,0.0,0.05999876543,0.05999876543,0.0,0.0,0.0,0.0,0.0,0.28,0.004898765432,0.0,0.002598765432,0.0,0.0,0.0,0.0,0.0016,0.01049876543,0.0004,0.9996,1.0,0,24,5,10,2,83,1.1,chprtpct
955,223,TON,776,Tonga,46119,13626,0,2000,37000,98745,0,0,0,0,0,0,0,0,0,0,0,0,0,0,0,126,126,0,105,0,0,3711,0,0,0,0,5,454,1671,103146,104817,0.44,0.13,0.0,0.01909876543,0.353,0.9421,0.0,0.0,0.0,0.0,0.0,0.0,0.0,0.0,0.0,0.0,0.0,0.0,0.0,0.0,0.0,0.001198765432,0.001198765432,0.0,0.001,0.0,0.0,0.0354,0.0,0.0,0.0,0.0,0.0,0.004298765432,0.01589876543,0.9841,1.0,0,24,5,10,2,83,1.1,chprtpct
970,158,NRU,520,Nauru,6459,3179,0,0,0,9638,0,0,0,0,0,0,0,0,0,0,0,0,0,0,0,0,0,0,0,0,0,0,0,0,0,0,0,0,299,9638,9937,0.65,0.3199,0.0,0.0,0.0,0.9699,0.0,0.0,0.0,0.0,0.0,0.0,0.0,0.0,0.0,0.0,0.0,0.0,0.0,0.0,0.0,0.0,0.0,0.0,0.0,0.0,0.0,0.0,0.0,0.0,0.0,0.0,0.0,0.0,0.03009876543,0.9699,1.0,0,24,5,10,2,83,1.1,chprtpct
983,144,MHL,584,Marshall Islands,42561,4910,0,0,3500,50971,0,0,0,0,0,0,0,0,0,0,0,0,0,0,0,0,0,0,0,0,0,1600,0,0,0,0,700,1200,95,54471,54566,0.78,0.08999876543,0.0,0.0,0.06409876543,0.9341,0.0,0.0,0.0,0.0,0.0,0.0,0.0,0.0,0.0,0.0,0.0,0.0,0.0,0.0,0.0,0.0,0.0,0.0,0.0,0.0,0.0,0.02929876543,0.0,0.0,0.0,0.0,0.01279876543,0.02199876543,0.0017,0.9983,1.0,0,24,5,10,2,83,1.1,chprtpct
986,173,PLW,585,Palau,3700,12891,0,0,1800,18391,0,0,0,0,0,0,0,0,0,0,0,470,470,0,0,182,182,0,27,0,0,100,0,0,0,53,1800,326,21,21349,21370,0.1731,0.6032,0.0,0.0,0.08419876543,0.8606,0.0,0.0,0.0,0.0,0.0,0.0,0.0,0.0,0.0,0.0,0.0,0.02199876543,0.02199876543,0.0,0.0,0.008498765432,0.008498765432,0.0,0.001298765432,0.0,0.0,0.004698765432,0.0,0.0,0.0,0.0025,0.08419876543,0.01529876543,0.001,0.999,1.0,0,24,5,10,2,83,1.1,chcatpct
987,150,FSM,583,Federated States of Micronesia,33500,57500,0,0,5000,96000,0,0,0,0,0,0,0,0,0,0,0,0,0,0,0,650,650,0,0,0,0,800,0,0,0,333,7500,3500,2188,108783,110971,0.3019,0.5182,0.0,0.0,0.0451,0.8651,0.0,0.0,0.0,0.0,0.0,0.0,0.0,0.0,0.0,0.0,0.0,0.0,0.0,0.0,0.0,0.005898765432,0.005898765432,0.0,0.0,0.0,0.0,0.007198765432,0.0,0.0,0.0,0.003,0.06759876543,0.03149876543,0.01969876543,0.9803,1.0,0,24,5,10,2,83,1.1,chcatpct
990,193,WSM,882,Samoa,139757,35883,0,0,4500,180140,0,0,0,0,0,0,0,0,0,0,0,61,61,0,0,19,19,0,0,0,0,1001,0,0,0,19,0,2750,4871,183990,188861,0.74,0.19,0.0,0.0,0.02379876543,0.9538,0.0,0.0,0.0,0.0,0.0,0.0,0.0,0.0,0.0,0.0,0.0,0.0003,0.0003,0.0,0.0,9.87654321e-05,9.87654321e-05,0.0,0.0,0.0,0.0,0.005298765432,0.0,0.0,0.0,9.87654321e-05,0.0,0.01459876543,0.02579876543,0.9742,1.0,0,24,5,10,2,83,1.1,chprtpct
